Started HTTP and WebSocket JSON-RPC server at http://::1:8545/

Accounts
========
Account #0: 0xc783df8a850f42e7f7e57013759c285caa701eb6 (4951760157 ETH)
Private Key: 0xc5e8f61d1ab959b397eecc0a37a6517b8e67a0e7cf1f4bce5591f3ed80199122

Account #1: 0xead9c93b79ae7c1591b1fb5323bd777e86e150d4 (4951760157 ETH)
Private Key: 0xd49743deccbccc5dc7baa8e69e5be03298da8688a15dd202e20f15d5e0e9a9fb

Account #2: 0xe5904695748fe4a84b40b3fc79de2277660bd1d3 (4951760157 ETH)
Private Key: 0x23c601ae397441f3ef6f1075dcb0031ff17fb079837beadaf3c84d96c6f3e569

Account #3: 0x92561f28ec438ee9831d00d1d59fbdc981b762b2 (4951760157 ETH)
Private Key: 0xee9d129c1997549ee09c0757af5939b2483d80ad649a0eda68e8b0357ad11131

Account #4: 0x2ffd013aaa7b5a7da93336c2251075202b33fb2b (4951760157 ETH)
Private Key: 0x87630b2d1de0fbd5044eb6891b3d9d98c34c8d310c852f98550ba774480e47cc

Account #5: 0x9fc9c2dfba3b6cf204c37a5f690619772b926e39 (4951760157 ETH)
Private Key: 0x275cc4a2bfd4f612625204a20a2280ab53a6da2d14860c47a9f5affe58ad86d4

Account #6: 0xfbc51a9582d031f2ceaad3959256596c5d3a5468 (4951760157 ETH)
Private Key: 0x7f307c41137d1ed409f0a7b028f6c7596f12734b1d289b58099b99d60a96efff

Account #7: 0x84fae3d3cba24a97817b2a18c2421d462dbbce9f (4951760157 ETH)
Private Key: 0x2a8aede924268f84156a00761de73998dac7bf703408754b776ff3f873bcec60

Account #8: 0xfa3bdc8709226da0da13a4d904c8b66f16c3c8ba (4951760157 ETH)
Private Key: 0x8b24fd94f1ce869d81a34b95351e7f97b2cd88a891d5c00abc33d0ec9501902e

Account #9: 0x6c365935ca8710200c7595f0a72eb6023a7706cd (4951760157 ETH)
Private Key: 0x28d1bfbbafe9d1d4f5a11c3c16ab6bf9084de48d99fbac4058bdfa3c80b29085

Account #10: 0xd7de703d9bbc4602242d0f3149e5ffcd30eb3adf (4951760157 ETH)
Private Key: 0x28d1bfbbafe9d1d4f5a11c3c16ab6bf9084de48d99fbac4058bdfa3c80b29086

Account #11: 0x532792b73c0c6e7565912e7039c59986f7e1dd1f (4951760157 ETH)
Private Key: 0x28d1bfbbafe9d1d4f5a11c3c16ab6bf9084de48d99fbac4058bdfa3c80b29087

Account #12: 0xea960515f8b4c237730f028cbacf0a28e7f45de0 (4951760157 ETH)
Private Key: 0x28d1bfbbafe9d1d4f5a11c3c16ab6bf9084de48d99fbac4058bdfa3c80b29088

Account #13: 0x3d91185a02774c70287f6c74dd26d13dfb58ff16 (4951760157 ETH)
Private Key: 0x28d1bfbbafe9d1d4f5a11c3c16ab6bf9084de48d99fbac4058bdfa3c80b29089

Account #14: 0x5585738127d12542a8fd6c71c19d2e4cecdab08a (4951760157 ETH)
Private Key: 0x28d1bfbbafe9d1d4f5a11c3c16ab6bf9084de48d99fbac4058bdfa3c80b2908a

Account #15: 0x0e0b5a3f244686cf9e7811754379b9114d42f78b (4951760157 ETH)
Private Key: 0x28d1bfbbafe9d1d4f5a11c3c16ab6bf9084de48d99fbac4058bdfa3c80b2908b

Account #16: 0x704cf59b16fd50efd575342b46ce9c5e07076a4a (4951760157 ETH)
Private Key: 0x28d1bfbbafe9d1d4f5a11c3c16ab6bf9084de48d99fbac4058bdfa3c80b2908c

Account #17: 0x0a057a7172d0466aef80976d7e8c80647dfd35e3 (4951760157 ETH)
Private Key: 0x28d1bfbbafe9d1d4f5a11c3c16ab6bf9084de48d99fbac4058bdfa3c80b2908d

Account #18: 0x68dfc526037e9030c8f813d014919cc89e7d4d74 (4951760157 ETH)
Private Key: 0x28d1bfbbafe9d1d4f5a11c3c16ab6bf9084de48d99fbac4058bdfa3c80b2908e

Account #19: 0x26c43a1d431a4e5ee86cd55ed7ef9edf3641e901 (4951760157 ETH)
Private Key: 0x28d1bfbbafe9d1d4f5a11c3c16ab6bf9084de48d99fbac4058bdfa3c80b2908f

Account #20: 0xcb9791b433028b8af808afae87a5c462b19bdc5c (4951760157 ETH)
Private Key: 0x2c7dd57db9fda0ea1a1428dcaa4bec1ff7c3bd7d1a88504754e0134b77badf00

Account #21: 0xde7a54a8f8a7b38abd82ea37a0b16a40ccc2a88d (4951760157 ETH)
Private Key: 0x2c7dd57db9fda0ea1a1428dcaa4bec1ff7c3bd7d1a88504754e0134b77badf01

Account #22: 0x387f1112a41afe50f3ce5994aca73d74b955be2d (4951760157 ETH)
Private Key: 0x2c7dd57db9fda0ea1a1428dcaa4bec1ff7c3bd7d1a88504754e0134b77badf02

Account #23: 0x92a1cdddc0318a9b5dcbe461fd8a5db1ac710cee (4951760157 ETH)
Private Key: 0x2c7dd57db9fda0ea1a1428dcaa4bec1ff7c3bd7d1a88504754e0134b77badf03

Account #24: 0x6caf3c6ca0886f2eabbd0db9affb4dffcd13d7c7 (4951760157 ETH)
Private Key: 0x2c7dd57db9fda0ea1a1428dcaa4bec1ff7c3bd7d1a88504754e0134b77badf04

Account #25: 0x679a451be81dd0900b67a0cbff83ce916ee225c0 (4951760157 ETH)
Private Key: 0x2c7dd57db9fda0ea1a1428dcaa4bec1ff7c3bd7d1a88504754e0134b77badf05

Account #26: 0x8f67cba9fe1963d10292af8a1cb55c2218dd2ee6 (4951760157 ETH)
Private Key: 0x2c7dd57db9fda0ea1a1428dcaa4bec1ff7c3bd7d1a88504754e0134b77badf06

Account #27: 0xcc5e7d91cc4ac0c5d2f5faca979d656836addf92 (4951760157 ETH)
Private Key: 0x2c7dd57db9fda0ea1a1428dcaa4bec1ff7c3bd7d1a88504754e0134b77badf07

Account #28: 0xb0238677d6943855295bb9b6bf02f3990b8f2691 (4951760157 ETH)
Private Key: 0x2c7dd57db9fda0ea1a1428dcaa4bec1ff7c3bd7d1a88504754e0134b77badf08

Account #29: 0x3240a90b048a226e6e9a4be508ccdf1af0093e8f (4951760157 ETH)
Private Key: 0x2c7dd57db9fda0ea1a1428dcaa4bec1ff7c3bd7d1a88504754e0134b77badf09

Account #30: 0x036883cefb101a5b2fb9d04a0f7bd79b30eedecf (4951760157 ETH)
Private Key: 0x2c7dd57db9fda0ea1a1428dcaa4bec1ff7c3bd7d1a88504754e0134b77badf0a

Account #31: 0x93850baa3b36c5f38259dbcb1dfe41a51f2220c9 (4951760157 ETH)
Private Key: 0x2c7dd57db9fda0ea1a1428dcaa4bec1ff7c3bd7d1a88504754e0134b77badf0b

Account #32: 0xca049f8d721e9e7678780de0b9a10bbf35484725 (4951760157 ETH)
Private Key: 0x2c7dd57db9fda0ea1a1428dcaa4bec1ff7c3bd7d1a88504754e0134b77badf0c

Account #33: 0xd01187d2f34019dd46e620972a7856070e597988 (4951760157 ETH)
Private Key: 0x2c7dd57db9fda0ea1a1428dcaa4bec1ff7c3bd7d1a88504754e0134b77badf0d

Account #34: 0x79f00c728e2e1b04654d7f29644e0f65c4d4e606 (4951760157 ETH)
Private Key: 0x2c7dd57db9fda0ea1a1428dcaa4bec1ff7c3bd7d1a88504754e0134b77badf0e

Account #35: 0x58db31c219fb60754106eb39f01113420922b3ee (4951760157 ETH)
Private Key: 0x2c7dd57db9fda0ea1a1428dcaa4bec1ff7c3bd7d1a88504754e0134b77badf0f

Account #36: 0xdb199b549f079634353f4ed311fbd618d51f7151 (4951760157 ETH)
Private Key: 0x2c7dd57db9fda0ea1a1428dcaa4bec1ff7c3bd7d1a88504754e0134b77badf10

Account #37: 0xa8585cb41afac4acc564b1340cbc056b001a206c (4951760157 ETH)
Private Key: 0x2c7dd57db9fda0ea1a1428dcaa4bec1ff7c3bd7d1a88504754e0134b77badf11

Account #38: 0xaa43af6ec4a697cb9080701b2ecefbe6a55e5c06 (4951760157 ETH)
Private Key: 0x2c7dd57db9fda0ea1a1428dcaa4bec1ff7c3bd7d1a88504754e0134b77badf12

Account #39: 0xf0ef51ed1e29ac1b9e9223fb48055d9c4dfb6cc6 (4951760157 ETH)
Private Key: 0x2c7dd57db9fda0ea1a1428dcaa4bec1ff7c3bd7d1a88504754e0134b77badf13

Account #40: 0xa577c2e6df1c5ace2f196616b0b4f57a5a5a3020 (4951760157 ETH)
Private Key: 0x2c7dd57db9fda0ea1a1428dcaa4bec1ff7c3bd7d1a88504754e0134b77badf14

Account #41: 0xb7b2484267460bfe170e6ea9479e10191563b11c (4951760157 ETH)
Private Key: 0x2c7dd57db9fda0ea1a1428dcaa4bec1ff7c3bd7d1a88504754e0134b77badf15

Account #42: 0x9aed48caadcf32640a97cc6c20429f306086142e (4951760157 ETH)
Private Key: 0x2c7dd57db9fda0ea1a1428dcaa4bec1ff7c3bd7d1a88504754e0134b77badf16

Account #43: 0x543d3c730079576c316558bfce1261e03bca04ba (4951760157 ETH)
Private Key: 0x2c7dd57db9fda0ea1a1428dcaa4bec1ff7c3bd7d1a88504754e0134b77badf17

Account #44: 0x82deef4e2a7eefe4372876681057265a9fec449f (4951760157 ETH)
Private Key: 0x2c7dd57db9fda0ea1a1428dcaa4bec1ff7c3bd7d1a88504754e0134b77badf18

Account #45: 0xa740131837b6d9047b04639ea88b9a7b35e5ed48 (4951760157 ETH)
Private Key: 0x2c7dd57db9fda0ea1a1428dcaa4bec1ff7c3bd7d1a88504754e0134b77badf19

Account #46: 0x732f3a6b3ca0f434fb2acda13947ff76a4854245 (4951760157 ETH)
Private Key: 0x2c7dd57db9fda0ea1a1428dcaa4bec1ff7c3bd7d1a88504754e0134b77badf1a

Account #47: 0x27556e6d4884684bb38d315544625c4a86af599f (4951760157 ETH)
Private Key: 0x2c7dd57db9fda0ea1a1428dcaa4bec1ff7c3bd7d1a88504754e0134b77badf1b

Account #48: 0x90f3bd80ccdf4cc8ab6609b20a221374430f90ef (4951760157 ETH)
Private Key: 0x2c7dd57db9fda0ea1a1428dcaa4bec1ff7c3bd7d1a88504754e0134b77badf1c

Account #49: 0x8d778b8365cea102ba549d5d7df0841ad7d67d77 (4951760157 ETH)
Private Key: 0x2c7dd57db9fda0ea1a1428dcaa4bec1ff7c3bd7d1a88504754e0134b77badf1d

Account #50: 0x752940f08d52a4d7d8563ad3b2d8705c1684ac4b (4951760157 ETH)
Private Key: 0x2c7dd57db9fda0ea1a1428dcaa4bec1ff7c3bd7d1a88504754e0134b77badf1e

Account #51: 0x302674a7d30fddd4429d5fc0f59a986d08e7a2b9 (4951760157 ETH)
Private Key: 0x2c7dd57db9fda0ea1a1428dcaa4bec1ff7c3bd7d1a88504754e0134b77badf1f

Account #52: 0xce2fa55f119bfba1930f8a715d9d3e9cba00f97c (4951760157 ETH)
Private Key: 0x2c7dd57db9fda0ea1a1428dcaa4bec1ff7c3bd7d1a88504754e0134b77badf20

Account #53: 0xe3df710194d6a63f3f75122bacb8ea6709b96e79 (4951760157 ETH)
Private Key: 0x2c7dd57db9fda0ea1a1428dcaa4bec1ff7c3bd7d1a88504754e0134b77badf21

Account #54: 0x6e26fd8e46d3f74d16ef95ba43bdd556270069eb (4951760157 ETH)
Private Key: 0x2c7dd57db9fda0ea1a1428dcaa4bec1ff7c3bd7d1a88504754e0134b77badf22

Account #55: 0xb65ed96ae0f71d1f1d05d8dc5dc0f9579f2c2d01 (4951760157 ETH)
Private Key: 0x2c7dd57db9fda0ea1a1428dcaa4bec1ff7c3bd7d1a88504754e0134b77badf23

Account #56: 0xe2c9a10c28624175c833f51da5e23af6d5f16f79 (4951760157 ETH)
Private Key: 0x2c7dd57db9fda0ea1a1428dcaa4bec1ff7c3bd7d1a88504754e0134b77badf24

Account #57: 0xe04c01bf8ab45e7e6bc08bda492bff731cb03cd8 (4951760157 ETH)
Private Key: 0x2c7dd57db9fda0ea1a1428dcaa4bec1ff7c3bd7d1a88504754e0134b77badf25

Account #58: 0xb68bd07399080046b3bca6292c509750de2ba363 (4951760157 ETH)
Private Key: 0x2c7dd57db9fda0ea1a1428dcaa4bec1ff7c3bd7d1a88504754e0134b77badf26

Account #59: 0xb79d1319fc753aae93a9777303134df617ec49fd (4951760157 ETH)
Private Key: 0x2c7dd57db9fda0ea1a1428dcaa4bec1ff7c3bd7d1a88504754e0134b77badf27

Account #60: 0x6aa97edf1dcb23d50f0443366f4299f887cfae9a (4951760157 ETH)
Private Key: 0x2c7dd57db9fda0ea1a1428dcaa4bec1ff7c3bd7d1a88504754e0134b77badf28

Account #61: 0xca9f8aebac39edde761f5fd369f8ade1c8237f32 (4951760157 ETH)
Private Key: 0x2c7dd57db9fda0ea1a1428dcaa4bec1ff7c3bd7d1a88504754e0134b77badf29

Account #62: 0xa1e5f8f420a569b8f522895fed1bd80a4e4b4317 (4951760157 ETH)
Private Key: 0x2c7dd57db9fda0ea1a1428dcaa4bec1ff7c3bd7d1a88504754e0134b77badf2a

Account #63: 0x3e1fad1561aa55fde0631bdcabb9d318e66dbbf8 (4951760157 ETH)
Private Key: 0x2c7dd57db9fda0ea1a1428dcaa4bec1ff7c3bd7d1a88504754e0134b77badf2b

Account #64: 0x8cccf9542187d8d01ea8cdd7707e164016bf4659 (4951760157 ETH)
Private Key: 0x2c7dd57db9fda0ea1a1428dcaa4bec1ff7c3bd7d1a88504754e0134b77badf2c

Account #65: 0x05365245fd9bd47f1219ef8246636b2cc9253f4a (4951760157 ETH)
Private Key: 0x2c7dd57db9fda0ea1a1428dcaa4bec1ff7c3bd7d1a88504754e0134b77badf2d

Account #66: 0x2609a961883af111a04378356991f333f76791a6 (4951760157 ETH)
Private Key: 0x2c7dd57db9fda0ea1a1428dcaa4bec1ff7c3bd7d1a88504754e0134b77badf2e

Account #67: 0xc1144baac2b15745f289ab6eee2f66afd2a47835 (4951760157 ETH)
Private Key: 0x2c7dd57db9fda0ea1a1428dcaa4bec1ff7c3bd7d1a88504754e0134b77badf2f

Account #68: 0x2a71999f4128bec31853131af1c7046a20797c73 (4951760157 ETH)
Private Key: 0x2c7dd57db9fda0ea1a1428dcaa4bec1ff7c3bd7d1a88504754e0134b77badf30

Account #69: 0x3f3c44b845a1e877bedff9c88b6d7128d507d6ae (4951760157 ETH)
Private Key: 0x2c7dd57db9fda0ea1a1428dcaa4bec1ff7c3bd7d1a88504754e0134b77badf31

Account #70: 0x9b79cd118008e3c15c91ef580fb27192abccb163 (4951760157 ETH)
Private Key: 0x2c7dd57db9fda0ea1a1428dcaa4bec1ff7c3bd7d1a88504754e0134b77badf32

Account #71: 0x01ec4766fcdd477ddf260171f1f7aab30aaff75a (4951760157 ETH)
Private Key: 0x2c7dd57db9fda0ea1a1428dcaa4bec1ff7c3bd7d1a88504754e0134b77badf33

Account #72: 0x06cfb0368c9b66402174b406aebdbe075f5915c3 (4951760157 ETH)
Private Key: 0x2c7dd57db9fda0ea1a1428dcaa4bec1ff7c3bd7d1a88504754e0134b77badf34

Account #73: 0x1f850a925a102f40aba92ad3ee5f30291d5a260b (4951760157 ETH)
Private Key: 0x2c7dd57db9fda0ea1a1428dcaa4bec1ff7c3bd7d1a88504754e0134b77badf35

Account #74: 0xc8b7d081a9d6b7ccbda1af96a3700746f39839ae (4951760157 ETH)
Private Key: 0x2c7dd57db9fda0ea1a1428dcaa4bec1ff7c3bd7d1a88504754e0134b77badf36

Account #75: 0xcc8984a17735454c53c574f9033f7a703f425048 (4951760157 ETH)
Private Key: 0x2c7dd57db9fda0ea1a1428dcaa4bec1ff7c3bd7d1a88504754e0134b77badf37

Account #76: 0xad3f4ec8d7dc7cc1a37e049f68b21787f5706a72 (4951760157 ETH)
Private Key: 0x2c7dd57db9fda0ea1a1428dcaa4bec1ff7c3bd7d1a88504754e0134b77badf38

Account #77: 0xd5745b8283b47c26aba350c260b1221b62c683df (4951760157 ETH)
Private Key: 0x2c7dd57db9fda0ea1a1428dcaa4bec1ff7c3bd7d1a88504754e0134b77badf39

Account #78: 0xf2f635f34bc373e97f778a4e9f7b082e64ad2f24 (4951760157 ETH)
Private Key: 0x2c7dd57db9fda0ea1a1428dcaa4bec1ff7c3bd7d1a88504754e0134b77badf3a

Account #79: 0x884b95bcf31ac67fc07a2ca38ac432ac3dd623ec (4951760157 ETH)
Private Key: 0x2c7dd57db9fda0ea1a1428dcaa4bec1ff7c3bd7d1a88504754e0134b77badf3b

Account #80: 0xfa2a5fd9ac9c8e6160a84e3b177b378a853396b6 (4951760157 ETH)
Private Key: 0x2c7dd57db9fda0ea1a1428dcaa4bec1ff7c3bd7d1a88504754e0134b77badf3c

Account #81: 0xa7f68b484c5050f971a8a360b5b44d6453be2c83 (4951760157 ETH)
Private Key: 0x2c7dd57db9fda0ea1a1428dcaa4bec1ff7c3bd7d1a88504754e0134b77badf3d

Account #82: 0xca4a4009ac47375177cbae20965f5d3eafd7f394 (4951760157 ETH)
Private Key: 0x2c7dd57db9fda0ea1a1428dcaa4bec1ff7c3bd7d1a88504754e0134b77badf3e

Account #83: 0x610c239140f02a73d92bbec930c58b48359163dc (4951760157 ETH)
Private Key: 0x2c7dd57db9fda0ea1a1428dcaa4bec1ff7c3bd7d1a88504754e0134b77badf3f

Account #84: 0x28af19a1a3979182057dc0d5193bd852fd588479 (4951760157 ETH)
Private Key: 0x2c7dd57db9fda0ea1a1428dcaa4bec1ff7c3bd7d1a88504754e0134b77badf40

Account #85: 0x4c49672ccae0316b88b2fa5cca8296eda5c6c035 (4951760157 ETH)
Private Key: 0x2c7dd57db9fda0ea1a1428dcaa4bec1ff7c3bd7d1a88504754e0134b77badf41

Account #86: 0x279cbbd20a8fd28cba6a7a0e288e44cd67230306 (4951760157 ETH)
Private Key: 0x2c7dd57db9fda0ea1a1428dcaa4bec1ff7c3bd7d1a88504754e0134b77badf42

Account #87: 0x91ccc56bc81210c5ae58737377dbf7df61ac62bd (4951760157 ETH)
Private Key: 0x2c7dd57db9fda0ea1a1428dcaa4bec1ff7c3bd7d1a88504754e0134b77badf43

Account #88: 0x8411a933ef1df8bd6b9b4ede1eb313b764bf3069 (4951760157 ETH)
Private Key: 0x2c7dd57db9fda0ea1a1428dcaa4bec1ff7c3bd7d1a88504754e0134b77badf44

Account #89: 0xe2b5b093993f05f5def6306a127f07aea15da1e9 (4951760157 ETH)
Private Key: 0x2c7dd57db9fda0ea1a1428dcaa4bec1ff7c3bd7d1a88504754e0134b77badf45

Account #90: 0x3bd55f92454ffb7e74064e674e3310849b08022f (4951760157 ETH)
Private Key: 0x2c7dd57db9fda0ea1a1428dcaa4bec1ff7c3bd7d1a88504754e0134b77badf46

Account #91: 0xaa1b1e373eb51b4b46ed0725f951f45a060aa6fa (4951760157 ETH)
Private Key: 0x2c7dd57db9fda0ea1a1428dcaa4bec1ff7c3bd7d1a88504754e0134b77badf47

Account #92: 0x048f831a1d305899696833e43a277fe51ba4c422 (4951760157 ETH)
Private Key: 0x2c7dd57db9fda0ea1a1428dcaa4bec1ff7c3bd7d1a88504754e0134b77badf48

Account #93: 0x531ff58c527fa35a3a69ba44e11a56376f1d4e52 (4951760157 ETH)
Private Key: 0x2c7dd57db9fda0ea1a1428dcaa4bec1ff7c3bd7d1a88504754e0134b77badf49

Account #94: 0xa68b7db9de29c71d76045ecd1df336d9a18b610d (4951760157 ETH)
Private Key: 0x2c7dd57db9fda0ea1a1428dcaa4bec1ff7c3bd7d1a88504754e0134b77badf4a

Account #95: 0x02f232708bae9418fa18406aa896b0d75f8bfeb4 (4951760157 ETH)
Private Key: 0x2c7dd57db9fda0ea1a1428dcaa4bec1ff7c3bd7d1a88504754e0134b77badf4b

Account #96: 0xd70769cafa4bc86365eee2549d48e9cb21dbbac4 (4951760157 ETH)
Private Key: 0x2c7dd57db9fda0ea1a1428dcaa4bec1ff7c3bd7d1a88504754e0134b77badf4c

Account #97: 0xba7cfb373b94afa6b1342ceed09dcbe474200231 (4951760157 ETH)
Private Key: 0x2c7dd57db9fda0ea1a1428dcaa4bec1ff7c3bd7d1a88504754e0134b77badf4d

Account #98: 0xa95ce833e0c71fe1f690a2408866788479d77421 (4951760157 ETH)
Private Key: 0x2c7dd57db9fda0ea1a1428dcaa4bec1ff7c3bd7d1a88504754e0134b77badf4e

Account #99: 0xa55f348325a9a0eacf71e98aedfcadd4d0afe586 (4951760157 ETH)
Private Key: 0x2c7dd57db9fda0ea1a1428dcaa4bec1ff7c3bd7d1a88504754e0134b77badf4f

Account #100: 0x6b2a7799bfb2636b3246a79a36300092df6e8a5f (4951760157 ETH)
Private Key: 0x2c7dd57db9fda0ea1a1428dcaa4bec1ff7c3bd7d1a88504754e0134b77badf50

Account #101: 0x8827026627924a8ca5e37d2364f054e0276bddf6 (4951760157 ETH)
Private Key: 0x2c7dd57db9fda0ea1a1428dcaa4bec1ff7c3bd7d1a88504754e0134b77badf51

Account #102: 0xeddc8e20b44bc2313117a0befb76086b1159f808 (4951760157 ETH)
Private Key: 0x2c7dd57db9fda0ea1a1428dcaa4bec1ff7c3bd7d1a88504754e0134b77badf52

Account #103: 0x830a8f97bba7c7558ae9045414407e00733bb627 (4951760157 ETH)
Private Key: 0x2c7dd57db9fda0ea1a1428dcaa4bec1ff7c3bd7d1a88504754e0134b77badf53

Account #104: 0xbfe43ba10f238b6a50923dd7e77114fe820d3eeb (4951760157 ETH)
Private Key: 0x2c7dd57db9fda0ea1a1428dcaa4bec1ff7c3bd7d1a88504754e0134b77badf54

Account #105: 0x4cba62556364705480679aea0f49a3ad5dd14902 (4951760157 ETH)
Private Key: 0x2c7dd57db9fda0ea1a1428dcaa4bec1ff7c3bd7d1a88504754e0134b77badf55

Account #106: 0xa5be76c9b8416f93b23251279a34bb1b79adfc03 (4951760157 ETH)
Private Key: 0x2c7dd57db9fda0ea1a1428dcaa4bec1ff7c3bd7d1a88504754e0134b77badf56

Account #107: 0xbd5d7df0349ff9671e36ec5545e849cbb93ac7fa (4951760157 ETH)
Private Key: 0x2c7dd57db9fda0ea1a1428dcaa4bec1ff7c3bd7d1a88504754e0134b77badf57

Account #108: 0x1786e3fa4005195cb2e2e7f1e53bb064b22a6f91 (4951760157 ETH)
Private Key: 0x2c7dd57db9fda0ea1a1428dcaa4bec1ff7c3bd7d1a88504754e0134b77badf58

Account #109: 0x104f3d52690f941999bf8a2f0e940233a6b08c96 (4951760157 ETH)
Private Key: 0x2c7dd57db9fda0ea1a1428dcaa4bec1ff7c3bd7d1a88504754e0134b77badf59

Account #110: 0xf53aed24fbaa33c1c8a7fa06e447ef042bd8cbbd (4951760157 ETH)
Private Key: 0x2c7dd57db9fda0ea1a1428dcaa4bec1ff7c3bd7d1a88504754e0134b77badf5a

Account #111: 0xfd012bdc1b9759dfb16ff66db6bce35a03fc1e8b (4951760157 ETH)
Private Key: 0x2c7dd57db9fda0ea1a1428dcaa4bec1ff7c3bd7d1a88504754e0134b77badf5b

Account #112: 0x3de084e4dab811bb28772d62a7f01ec075a8f394 (4951760157 ETH)
Private Key: 0x2c7dd57db9fda0ea1a1428dcaa4bec1ff7c3bd7d1a88504754e0134b77badf5c

Account #113: 0xd5968a370ebf06a953096c2ff8866f2726b89ba3 (4951760157 ETH)
Private Key: 0x2c7dd57db9fda0ea1a1428dcaa4bec1ff7c3bd7d1a88504754e0134b77badf5d

Account #114: 0x3b7aaf86641c4834fc8356308be56e5760e4adae (4951760157 ETH)
Private Key: 0x47aa5fbb74b21f263888dfc24a7a7b184634142935d4e2152b1c901516eeb100

Account #115: 0x822dd57f3f921c40d907e14301824055b8b74df6 (4951760157 ETH)
Private Key: 0x47aa5fbb74b21f263888dfc24a7a7b184634142935d4e2152b1c901516eeb101

Account #116: 0x34c0efce1207da82659ce0ce0aaf06946aa7ab2a (4951760157 ETH)
Private Key: 0x47aa5fbb74b21f263888dfc24a7a7b184634142935d4e2152b1c901516eeb102

Account #117: 0xd75d1629c726756216b663c5507e88d7441a986b (4951760157 ETH)
Private Key: 0x47aa5fbb74b21f263888dfc24a7a7b184634142935d4e2152b1c901516eeb103

Account #118: 0xb00814592d667c8bf24d47de7d7c013dc83bebfc (4951760157 ETH)
Private Key: 0x47aa5fbb74b21f263888dfc24a7a7b184634142935d4e2152b1c901516eeb104

Account #119: 0xba4f4ef59261245852fbedda5596775d374495cc (4951760157 ETH)
Private Key: 0x47aa5fbb74b21f263888dfc24a7a7b184634142935d4e2152b1c901516eeb105

Account #120: 0x85d360f5ea6ec190c623ff522a8c1e48f903a89c (4951760157 ETH)
Private Key: 0x47aa5fbb74b21f263888dfc24a7a7b184634142935d4e2152b1c901516eeb106

Account #121: 0x3ab0add61c58354c5b111f5ddb2dbce124b15bc3 (4951760157 ETH)
Private Key: 0x47aa5fbb74b21f263888dfc24a7a7b184634142935d4e2152b1c901516eeb107

Account #122: 0x5e1cdd3069dcbaac9ef9047dcbdce5e589c36c1a (4951760157 ETH)
Private Key: 0x47aa5fbb74b21f263888dfc24a7a7b184634142935d4e2152b1c901516eeb108

Account #123: 0x9b0e45b85167a7fb6b4d53a9f7abaf3d0d2febe7 (4951760157 ETH)
Private Key: 0x47aa5fbb74b21f263888dfc24a7a7b184634142935d4e2152b1c901516eeb109

Account #124: 0x7032521a461954bc6bcadb6948133020032786c3 (4951760157 ETH)
Private Key: 0x47aa5fbb74b21f263888dfc24a7a7b184634142935d4e2152b1c901516eeb10a

Account #125: 0x16ea0484a11cf4a691787b3667f93bd6420dd611 (4951760157 ETH)
Private Key: 0x47aa5fbb74b21f263888dfc24a7a7b184634142935d4e2152b1c901516eeb10b

Account #126: 0xe50b46f6d3d74c9b59710270bffb25fa99a10ba1 (4951760157 ETH)
Private Key: 0x47aa5fbb74b21f263888dfc24a7a7b184634142935d4e2152b1c901516eeb10c

Account #127: 0x49268dcda230d850e3e192677c347af423374a5c (4951760157 ETH)
Private Key: 0x47aa5fbb74b21f263888dfc24a7a7b184634142935d4e2152b1c901516eeb10d

Account #128: 0xc17a98e8e693e3bab054d46f979dd4ba982773f9 (4951760157 ETH)
Private Key: 0x47aa5fbb74b21f263888dfc24a7a7b184634142935d4e2152b1c901516eeb10e

Account #129: 0x4251ed140bf791c4112bb61fcb6e72f927e8fef2 (4951760157 ETH)
Private Key: 0x47aa5fbb74b21f263888dfc24a7a7b184634142935d4e2152b1c901516eeb10f

Account #130: 0x2afff8b50ed8ce266c0eb6c77c43582191c65857 (4951760157 ETH)
Private Key: 0x47aa5fbb74b21f263888dfc24a7a7b184634142935d4e2152b1c901516eeb110

Account #131: 0xcc3588acadba97cd432bd15d90310a2e1f987718 (4951760157 ETH)
Private Key: 0x47aa5fbb74b21f263888dfc24a7a7b184634142935d4e2152b1c901516eeb111

Account #132: 0x0eecc098b45cac34d9722026c22de9782c38f955 (4951760157 ETH)
Private Key: 0x47aa5fbb74b21f263888dfc24a7a7b184634142935d4e2152b1c901516eeb112

Account #133: 0x9767840f8228b5be676ee215485975c2e7fef78c (4951760157 ETH)
Private Key: 0x47aa5fbb74b21f263888dfc24a7a7b184634142935d4e2152b1c901516eeb113

Account #134: 0x4f451286ee9a241e3169e0212c6b20936af0cc90 (4951760157 ETH)
Private Key: 0x47aa5fbb74b21f263888dfc24a7a7b184634142935d4e2152b1c901516eeb114

Account #135: 0x7715dd7dee3a681910f8da631c27a3d1ec48d9f5 (4951760157 ETH)
Private Key: 0x47aa5fbb74b21f263888dfc24a7a7b184634142935d4e2152b1c901516eeb115

Account #136: 0x3071546d35afd7f6111fa09dfaac4b6e2bc6f70d (4951760157 ETH)
Private Key: 0x47aa5fbb74b21f263888dfc24a7a7b184634142935d4e2152b1c901516eeb116

Account #137: 0x6c483c1a825eb23b2a469f706c07d7b2e452cdb2 (4951760157 ETH)
Private Key: 0x47aa5fbb74b21f263888dfc24a7a7b184634142935d4e2152b1c901516eeb117

Account #138: 0x38320d538252355562b290a2623f31b06a660ae3 (4951760157 ETH)
Private Key: 0x47aa5fbb74b21f263888dfc24a7a7b184634142935d4e2152b1c901516eeb118

Account #139: 0x69f8e004ba8d0f5ca80486e2cdacc19b2e314f99 (4951760157 ETH)
Private Key: 0x47aa5fbb74b21f263888dfc24a7a7b184634142935d4e2152b1c901516eeb119

Account #140: 0xa4fdf269a305e3f11bfc17729021f004d93cf03f (4951760157 ETH)
Private Key: 0x47aa5fbb74b21f263888dfc24a7a7b184634142935d4e2152b1c901516eeb11a

Account #141: 0xa7f7731d7f54fc1d99e93382602f12261dc90d49 (4951760157 ETH)
Private Key: 0x47aa5fbb74b21f263888dfc24a7a7b184634142935d4e2152b1c901516eeb11b

Account #142: 0xf2e795da2a6c962c1e9b70e60acf56d73c59fbe7 (4951760157 ETH)
Private Key: 0x47aa5fbb74b21f263888dfc24a7a7b184634142935d4e2152b1c901516eeb11c

Account #143: 0xee50fbd0e40312c9dd7d1fb67f802cccaa92c6c6 (4951760157 ETH)
Private Key: 0x47aa5fbb74b21f263888dfc24a7a7b184634142935d4e2152b1c901516eeb11d

Account #144: 0x1bb9b7bf7a7eb691e3b13056424d660514bb91b9 (4951760157 ETH)
Private Key: 0x47aa5fbb74b21f263888dfc24a7a7b184634142935d4e2152b1c901516eeb11e

Account #145: 0xa675ea35f3e411d26fb3c3e5d83f2e0f7e2a3159 (4951760157 ETH)
Private Key: 0x47aa5fbb74b21f263888dfc24a7a7b184634142935d4e2152b1c901516eeb11f

Account #146: 0x1b91c129fa9cee54e3decc53bac47e8b2e17e1ab (4951760157 ETH)
Private Key: 0x47aa5fbb74b21f263888dfc24a7a7b184634142935d4e2152b1c901516eeb120

Account #147: 0xb5f728530fe1477ba8b780823a2d48f367fc9fc2 (4951760157 ETH)
Private Key: 0x47aa5fbb74b21f263888dfc24a7a7b184634142935d4e2152b1c901516eeb121

Account #148: 0x1a16d64311b2d6ef8a774165c554a4f708a74528 (4951760157 ETH)
Private Key: 0x47aa5fbb74b21f263888dfc24a7a7b184634142935d4e2152b1c901516eeb122

Account #149: 0xe0f1d017d198f66400f5cb4c87c64fa81e40650e (4951760157 ETH)
Private Key: 0x47aa5fbb74b21f263888dfc24a7a7b184634142935d4e2152b1c901516eeb123

Account #150: 0xf0f1239ea9e61a947648e8fc19b0b66dfe2daaaf (4951760157 ETH)
Private Key: 0x47aa5fbb74b21f263888dfc24a7a7b184634142935d4e2152b1c901516eeb124

Account #151: 0xbd3c7017502b74d91c9af099d1bce3db3d63fd0d (4951760157 ETH)
Private Key: 0x47aa5fbb74b21f263888dfc24a7a7b184634142935d4e2152b1c901516eeb125

Account #152: 0x55410eaba3930086686a5a56921f6ead7d0ec5bb (4951760157 ETH)
Private Key: 0x47aa5fbb74b21f263888dfc24a7a7b184634142935d4e2152b1c901516eeb126

Account #153: 0x1f60d27ff37b0c53a6a90c41a5af600a922fab0e (4951760157 ETH)
Private Key: 0x47aa5fbb74b21f263888dfc24a7a7b184634142935d4e2152b1c901516eeb127

Account #154: 0x2906a9c87e7cd94355a85c91aaab717babe62026 (4951760157 ETH)
Private Key: 0x47aa5fbb74b21f263888dfc24a7a7b184634142935d4e2152b1c901516eeb128

Account #155: 0xccc354584227d923a50bc54a26a0862cd56d27ea (4951760157 ETH)
Private Key: 0x47aa5fbb74b21f263888dfc24a7a7b184634142935d4e2152b1c901516eeb129

Account #156: 0xbf660843528035a5a4921534e156a27e64b231fe (4951760157 ETH)
Private Key: 0xb1bab011e03a9862664706fc3bbaa1b16651528e5f0e7fbfcbfdd8be302a13e7

eth_blockNumber
Mined empty block #1 with base fee 875000000
eth_chainId
eth_blockNumber
eth_chainId
[?25l[Feth_chainId (2)[K
[?25heth_gasPrice
eth_getBlockByNumber
eth_chainId
eth_getTransactionCount
eth_chainId
eth_estimateGas
eth_chainId
eth_sendRawTransaction

  sender doesn't have enough funds to send tx. The max upfront cost is: 3249469250000000 and the sender's account only has: 0

Mined empty block #2 with base fee 765625000
[?25l[FMined empty block range #2 to #3[K
[?25h[?25l[FMined empty block range #2 to #4[K
[?25h[?25l[FMined empty block range #2 to #5[K
[?25h[?25l[FMined empty block range #2 to #6[K
[?25h[?25l[FMined empty block range #2 to #7[K
[?25h[?25l[FMined empty block range #2 to #8[K
[?25h[?25l[FMined empty block range #2 to #9[K
[?25heth_chainId
eth_blockNumber
eth_chainId
[?25l[Feth_chainId (2)[K
[?25heth_gasPrice
eth_getBlockByNumber
eth_chainId
eth_getTransactionCount
eth_chainId
eth_estimateGas
eth_chainId
eth_sendRawTransaction

  sender doesn't have enough funds to send tx. The max upfront cost is: 2371206987351086 and the sender's account only has: 0

Mined empty block #10 with base fee 263075578
[?25l[FMined empty block range #10 to #11[K
[?25h[?25l[FMined empty block range #10 to #12[K
[?25h[?25l[FMined empty block range #10 to #13[K
[?25h[?25l[FMined empty block range #10 to #14[K
[?25h[?25l[FMined empty block range #10 to #15[K
[?25h[?25l[FMined empty block range #10 to #16[K
[?25h[?25l[FMined empty block range #10 to #17[K
[?25h[?25l[FMined empty block range #10 to #18[K
[?25h[?25l[FMined empty block range #10 to #19[K
[?25h[?25l[FMined empty block range #10 to #20[K
[?25h[?25l[FMined empty block range #10 to #21[K
[?25h[?25l[FMined empty block range #10 to #22[K
[?25h[?25l[FMined empty block range #10 to #23[K
[?25h[?25l[FMined empty block range #10 to #24[K
[?25h[?25l[FMined empty block range #10 to #25[K
[?25h[?25l[FMined empty block range #10 to #26[K
[?25h[?25l[FMined empty block range #10 to #27[K
[?25h[?25l[FMined empty block range #10 to #28[K
[?25h[?25l[FMined empty block range #10 to #29[K
[?25h[?25l[FMined empty block range #10 to #30[K
[?25h[?25l[FMined empty block range #10 to #31[K
[?25h[?25l[FMined empty block range #10 to #32[K
[?25h[?25l[FMined empty block range #10 to #33[K
[?25h[?25l[FMined empty block range #10 to #34[K
[?25h[?25l[FMined empty block range #10 to #35[K
[?25h[?25l[FMined empty block range #10 to #36[K
[?25h[?25l[FMined empty block range #10 to #37[K
[?25h[?25l[FMined empty block range #10 to #38[K
[?25h[?25l[FMined empty block range #10 to #39[K
[?25h[?25l[FMined empty block range #10 to #40[K
[?25h[?25l[FMined empty block range #10 to #41[K
[?25h[?25l[FMined empty block range #10 to #42[K
[?25h[?25l[FMined empty block range #10 to #43[K
[?25h[?25l[FMined empty block range #10 to #44[K
[?25h[?25l[FMined empty block range #10 to #45[K
[?25h[?25l[FMined empty block range #10 to #46[K
[?25h[?25l[FMined empty block range #10 to #47[K
[?25h[?25l[FMined empty block range #10 to #48[K
[?25h[?25l[FMined empty block range #10 to #49[K
[?25h[?25l[FMined empty block range #10 to #50[K
[?25h[?25l[FMined empty block range #10 to #51[K
[?25h[?25l[FMined empty block range #10 to #52[K
[?25h[?25l[FMined empty block range #10 to #53[K
[?25h[?25l[FMined empty block range #10 to #54[K
[?25h[?25l[FMined empty block range #10 to #55[K
[?25h[?25l[FMined empty block range #10 to #56[K
[?25h[?25l[FMined empty block range #10 to #57[K
[?25h[?25l[FMined empty block range #10 to #58[K
[?25h[?25l[FMined empty block range #10 to #59[K
[?25h[?25l[FMined empty block range #10 to #60[K
[?25h[?25l[FMined empty block range #10 to #61[K
[?25h[?25l[FMined empty block range #10 to #62[K
[?25h[?25l[FMined empty block range #10 to #63[K
[?25h[?25l[FMined empty block range #10 to #64[K
[?25h[?25l[FMined empty block range #10 to #65[K
[?25h[?25l[FMined empty block range #10 to #66[K
[?25h[?25l[FMined empty block range #10 to #67[K
[?25h[?25l[FMined empty block range #10 to #68[K
[?25h[?25l[FMined empty block range #10 to #69[K
[?25h[?25l[FMined empty block range #10 to #70[K
[?25h[?25l[FMined empty block range #10 to #71[K
[?25h[?25l[FMined empty block range #10 to #72[K
[?25h[?25l[FMined empty block range #10 to #73[K
[?25h[?25l[FMined empty block range #10 to #74[K
[?25h[?25l[FMined empty block range #10 to #75[K
[?25h[?25l[FMined empty block range #10 to #76[K
[?25h[?25l[FMined empty block range #10 to #77[K
[?25h[?25l[FMined empty block range #10 to #78[K
[?25h[?25l[FMined empty block range #10 to #79[K
[?25h[?25l[FMined empty block range #10 to #80[K
[?25h[?25l[FMined empty block range #10 to #81[K
[?25h[?25l[FMined empty block range #10 to #82[K
[?25h[?25l[FMined empty block range #10 to #83[K
[?25h[?25l[FMined empty block range #10 to #84[K
[?25h[?25l[FMined empty block range #10 to #85[K
[?25h[?25l[FMined empty block range #10 to #86[K
[?25h[?25l[FMined empty block range #10 to #87[K
[?25h[?25l[FMined empty block range #10 to #88[K
[?25h[?25l[FMined empty block range #10 to #89[K
[?25h[?25l[FMined empty block range #10 to #90[K
[?25h[?25l[FMined empty block range #10 to #91[K
[?25h[?25l[FMined empty block range #10 to #92[K
[?25h[?25l[FMined empty block range #10 to #93[K
[?25h[?25l[FMined empty block range #10 to #94[K
[?25h[?25l[FMined empty block range #10 to #95[K
[?25h[?25l[FMined empty block range #10 to #96[K
[?25h[?25l[FMined empty block range #10 to #97[K
[?25h[?25l[FMined empty block range #10 to #98[K
[?25h[?25l[FMined empty block range #10 to #99[K
[?25h[?25l[FMined empty block range #10 to #100[K
[?25h[?25l[FMined empty block range #10 to #101[K
[?25h[?25l[FMined empty block range #10 to #102[K
[?25h[?25l[FMined empty block range #10 to #103[K
[?25h[?25l[FMined empty block range #10 to #104[K
[?25h[?25l[FMined empty block range #10 to #105[K
[?25h[?25l[FMined empty block range #10 to #106[K
[?25h[?25l[FMined empty block range #10 to #107[K
[?25h[?25l[FMined empty block range #10 to #108[K
[?25h[?25l[FMined empty block range #10 to #109[K
[?25h[?25l[FMined empty block range #10 to #110[K
[?25h[?25l[FMined empty block range #10 to #111[K
[?25h[?25l[FMined empty block range #10 to #112[K
[?25h[?25l[FMined empty block range #10 to #113[K
[?25h[?25l[FMined empty block range #10 to #114[K
[?25h[?25l[FMined empty block range #10 to #115[K
[?25h[?25l[FMined empty block range #10 to #116[K
[?25h[?25l[FMined empty block range #10 to #117[K
[?25h[?25l[FMined empty block range #10 to #118[K
[?25h[?25l[FMined empty block range #10 to #119[K
[?25h[?25l[FMined empty block range #10 to #120[K
[?25h[?25l[FMined empty block range #10 to #121[K
[?25h[?25l[FMined empty block range #10 to #122[K
[?25h[?25l[FMined empty block range #10 to #123[K
[?25h[?25l[FMined empty block range #10 to #124[K
[?25h[?25l[FMined empty block range #10 to #125[K
[?25h[?25l[FMined empty block range #10 to #126[K
[?25h[?25l[FMined empty block range #10 to #127[K
[?25h[?25l[FMined empty block range #10 to #128[K
[?25h[?25l[FMined empty block range #10 to #129[K
[?25h[?25l[FMined empty block range #10 to #130[K
[?25h[?25l[FMined empty block range #10 to #131[K
[?25h[?25l[FMined empty block range #10 to #132[K
[?25h[?25l[FMined empty block range #10 to #133[K
[?25h[?25l[FMined empty block range #10 to #134[K
[?25h[?25l[FMined empty block range #10 to #135[K
[?25h[?25l[FMined empty block range #10 to #136[K
[?25h[?25l[FMined empty block range #10 to #137[K
[?25h[?25l[FMined empty block range #10 to #138[K
[?25h[?25l[FMined empty block range #10 to #139[K
[?25h[?25l[FMined empty block range #10 to #140[K
[?25h[?25l[FMined empty block range #10 to #141[K
[?25h[?25l[FMined empty block range #10 to #142[K
[?25h[?25l[FMined empty block range #10 to #143[K
[?25h[?25l[FMined empty block range #10 to #144[K
[?25h[?25l[FMined empty block range #10 to #145[K
[?25h[?25l[FMined empty block range #10 to #146[K
[?25h[?25l[FMined empty block range #10 to #147[K
[?25h[?25l[FMined empty block range #10 to #148[K
[?25h[?25l[FMined empty block range #10 to #149[K
[?25h[?25l[FMined empty block range #10 to #150[K
[?25h[?25l[FMined empty block range #10 to #151[K
[?25h[?25l[FMined empty block range #10 to #152[K
[?25h[?25l[FMined empty block range #10 to #153[K
[?25h[?25l[FMined empty block range #10 to #154[K
[?25h[?25l[FMined empty block range #10 to #155[K
[?25h[?25l[FMined empty block range #10 to #156[K
[?25h[?25l[FMined empty block range #10 to #157[K
[?25h[?25l[FMined empty block range #10 to #158[K
[?25h[?25l[FMined empty block range #10 to #159[K
[?25h[?25l[FMined empty block range #10 to #160[K
[?25h[?25l[FMined empty block range #10 to #161[K
[?25h[?25l[FMined empty block range #10 to #162[K
[?25h[?25l[FMined empty block range #10 to #163[K
[?25h[?25l[FMined empty block range #10 to #164[K
[?25h[?25l[FMined empty block range #10 to #165[K
[?25h[?25l[FMined empty block range #10 to #166[K
[?25h[?25l[FMined empty block range #10 to #167[K
[?25h[?25l[FMined empty block range #10 to #168[K
[?25h[?25l[FMined empty block range #10 to #169[K
[?25h[?25l[FMined empty block range #10 to #170[K
[?25h[?25l[FMined empty block range #10 to #171[K
[?25h[?25l[FMined empty block range #10 to #172[K
[?25h[?25l[FMined empty block range #10 to #173[K
[?25h[?25l[FMined empty block range #10 to #174[K
[?25h[?25l[FMined empty block range #10 to #175[K
[?25h[?25l[FMined empty block range #10 to #176[K
[?25h[?25l[FMined empty block range #10 to #177[K
[?25h[?25l[FMined empty block range #10 to #178[K
[?25h[?25l[FMined empty block range #10 to #179[K
[?25h[?25l[FMined empty block range #10 to #180[K
[?25h[?25l[FMined empty block range #10 to #181[K
[?25h[?25l[FMined empty block range #10 to #182[K
[?25h[?25l[FMined empty block range #10 to #183[K
[?25h[?25l[FMined empty block range #10 to #184[K
[?25h[?25l[FMined empty block range #10 to #185[K
[?25h[?25l[FMined empty block range #10 to #186[K
[?25h[?25l[FMined empty block range #10 to #187[K
[?25h[?25l[FMined empty block range #10 to #188[K
[?25h[?25l[FMined empty block range #10 to #189[K
[?25h[?25l[FMined empty block range #10 to #190[K
[?25h[?25l[FMined empty block range #10 to #191[K
[?25h[?25l[FMined empty block range #10 to #192[K
[?25h[?25l[FMined empty block range #10 to #193[K
[?25h[?25l[FMined empty block range #10 to #194[K
[?25h[?25l[FMined empty block range #10 to #195[K
[?25h[?25l[FMined empty block range #10 to #196[K
[?25h[?25l[FMined empty block range #10 to #197[K
[?25h[?25l[FMined empty block range #10 to #198[K
[?25h[?25l[FMined empty block range #10 to #199[K
[?25h[?25l[FMined empty block range #10 to #200[K
[?25h[?25l[FMined empty block range #10 to #201[K
[?25h[?25l[FMined empty block range #10 to #202[K
[?25h[?25l[FMined empty block range #10 to #203[K
[?25h[?25l[FMined empty block range #10 to #204[K
[?25h[?25l[FMined empty block range #10 to #205[K
[?25h[?25l[FMined empty block range #10 to #206[K
[?25h[?25l[FMined empty block range #10 to #207[K
[?25h[?25l[FMined empty block range #10 to #208[K
[?25h[?25l[FMined empty block range #10 to #209[K
[?25h[?25l[FMined empty block range #10 to #210[K
[?25h[?25l[FMined empty block range #10 to #211[K
[?25h[?25l[FMined empty block range #10 to #212[K
[?25h[?25l[FMined empty block range #10 to #213[K
[?25h[?25l[FMined empty block range #10 to #214[K
[?25h[?25l[FMined empty block range #10 to #215[K
[?25h[?25l[FMined empty block range #10 to #216[K
[?25h[?25l[FMined empty block range #10 to #217[K
[?25h[?25l[FMined empty block range #10 to #218[K
[?25h[?25l[FMined empty block range #10 to #219[K
[?25h[?25l[FMined empty block range #10 to #220[K
[?25h[?25l[FMined empty block range #10 to #221[K
[?25h[?25l[FMined empty block range #10 to #222[K
[?25h[?25l[FMined empty block range #10 to #223[K
[?25h[?25l[FMined empty block range #10 to #224[K
[?25h[?25l[FMined empty block range #10 to #225[K
[?25h[?25l[FMined empty block range #10 to #226[K
[?25h[?25l[FMined empty block range #10 to #227[K
[?25h[?25l[FMined empty block range #10 to #228[K
[?25h[?25l[FMined empty block range #10 to #229[K
[?25h[?25l[FMined empty block range #10 to #230[K
[?25h[?25l[FMined empty block range #10 to #231[K
[?25h[?25l[FMined empty block range #10 to #232[K
[?25h[?25l[FMined empty block range #10 to #233[K
[?25h[?25l[FMined empty block range #10 to #234[K
[?25h[?25l[FMined empty block range #10 to #235[K
[?25h[?25l[FMined empty block range #10 to #236[K
[?25h[?25l[FMined empty block range #10 to #237[K
[?25h[?25l[FMined empty block range #10 to #238[K
[?25h[?25l[FMined empty block range #10 to #239[K
[?25h[?25l[FMined empty block range #10 to #240[K
[?25h[?25l[FMined empty block range #10 to #241[K
[?25h[?25l[FMined empty block range #10 to #242[K
[?25h[?25l[FMined empty block range #10 to #243[K
[?25h[?25l[FMined empty block range #10 to #244[K
[?25h[?25l[FMined empty block range #10 to #245[K
[?25h[?25l[FMined empty block range #10 to #246[K
[?25h[?25l[FMined empty block range #10 to #247[K
[?25h[?25l[FMined empty block range #10 to #248[K
[?25h[?25l[FMined empty block range #10 to #249[K
[?25h[?25l[FMined empty block range #10 to #250[K
[?25h[?25l[FMined empty block range #10 to #251[K
[?25h[?25l[FMined empty block range #10 to #252[K
[?25h[?25l[FMined empty block range #10 to #253[K
[?25h[?25l[FMined empty block range #10 to #254[K
[?25h[?25l[FMined empty block range #10 to #255[K
[?25h[?25l[FMined empty block range #10 to #256[K
[?25h[?25l[FMined empty block range #10 to #257[K
[?25h[?25l[FMined empty block range #10 to #258[K
[?25h[?25l[FMined empty block range #10 to #259[K
[?25h[?25l[FMined empty block range #10 to #260[K
[?25h[?25l[FMined empty block range #10 to #261[K
[?25h[?25l[FMined empty block range #10 to #262[K
[?25h[?25l[FMined empty block range #10 to #263[K
[?25h[?25l[FMined empty block range #10 to #264[K
[?25h[?25l[FMined empty block range #10 to #265[K
[?25h[?25l[FMined empty block range #10 to #266[K
[?25h[?25l[FMined empty block range #10 to #267[K
[?25h[?25l[FMined empty block range #10 to #268[K
[?25h[?25l[FMined empty block range #10 to #269[K
[?25h[?25l[FMined empty block range #10 to #270[K
[?25h[?25l[FMined empty block range #10 to #271[K
[?25h[?25l[FMined empty block range #10 to #272[K
[?25h[?25l[FMined empty block range #10 to #273[K
[?25h[?25l[FMined empty block range #10 to #274[K
[?25h[?25l[FMined empty block range #10 to #275[K
[?25h[?25l[FMined empty block range #10 to #276[K
[?25h[?25l[FMined empty block range #10 to #277[K
[?25h[?25l[FMined empty block range #10 to #278[K
[?25h[?25l[FMined empty block range #10 to #279[K
[?25h[?25l[FMined empty block range #10 to #280[K
[?25h[?25l[FMined empty block range #10 to #281[K
[?25h[?25l[FMined empty block range #10 to #282[K
[?25h[?25l[FMined empty block range #10 to #283[K
[?25h[?25l[FMined empty block range #10 to #284[K
[?25h[?25l[FMined empty block range #10 to #285[K
[?25h[?25l[FMined empty block range #10 to #286[K
[?25h[?25l[FMined empty block range #10 to #287[K
[?25h[?25l[FMined empty block range #10 to #288[K
[?25h[?25l[FMined empty block range #10 to #289[K
[?25h[?25l[FMined empty block range #10 to #290[K
[?25h[?25l[FMined empty block range #10 to #291[K
[?25h[?25l[FMined empty block range #10 to #292[K
[?25h[?25l[FMined empty block range #10 to #293[K
[?25h[?25l[FMined empty block range #10 to #294[K
[?25h[?25l[FMined empty block range #10 to #295[K
[?25h[?25l[FMined empty block range #10 to #296[K
[?25h[?25l[FMined empty block range #10 to #297[K
[?25h[?25l[FMined empty block range #10 to #298[K
[?25h[?25l[FMined empty block range #10 to #299[K
[?25h[?25l[FMined empty block range #10 to #300[K
[?25h[?25l[FMined empty block range #10 to #301[K
[?25h[?25l[FMined empty block range #10 to #302[K
[?25h[?25l[FMined empty block range #10 to #303[K
[?25h[?25l[FMined empty block range #10 to #304[K
[?25h[?25l[FMined empty block range #10 to #305[K
[?25h[?25l[FMined empty block range #10 to #306[K
[?25h[?25l[FMined empty block range #10 to #307[K
[?25h[?25l[FMined empty block range #10 to #308[K
[?25h[?25l[FMined empty block range #10 to #309[K
[?25h[?25l[FMined empty block range #10 to #310[K
[?25h[?25l[FMined empty block range #10 to #311[K
[?25h[?25l[FMined empty block range #10 to #312[K
[?25h[?25l[FMined empty block range #10 to #313[K
[?25h[?25l[FMined empty block range #10 to #314[K
[?25h[?25l[FMined empty block range #10 to #315[K
[?25h[?25l[FMined empty block range #10 to #316[K
[?25h[?25l[FMined empty block range #10 to #317[K
[?25h[?25l[FMined empty block range #10 to #318[K
[?25h[?25l[FMined empty block range #10 to #319[K
[?25h[?25l[FMined empty block range #10 to #320[K
[?25h[?25l[FMined empty block range #10 to #321[K
[?25h[?25l[FMined empty block range #10 to #322[K
[?25h[?25l[FMined empty block range #10 to #323[K
[?25h[?25l[FMined empty block range #10 to #324[K
[?25h[?25l[FMined empty block range #10 to #325[K
[?25h[?25l[FMined empty block range #10 to #326[K
[?25h[?25l[FMined empty block range #10 to #327[K
[?25h[?25l[FMined empty block range #10 to #328[K
[?25h[?25l[FMined empty block range #10 to #329[K
[?25h[?25l[FMined empty block range #10 to #330[K
[?25h[?25l[FMined empty block range #10 to #331[K
[?25h[?25l[FMined empty block range #10 to #332[K
[?25h[?25l[FMined empty block range #10 to #333[K
[?25h[?25l[FMined empty block range #10 to #334[K
[?25h[?25l[FMined empty block range #10 to #335[K
[?25h[?25l[FMined empty block range #10 to #336[K
[?25h[?25l[FMined empty block range #10 to #337[K
[?25h[?25l[FMined empty block range #10 to #338[K
[?25h[?25l[FMined empty block range #10 to #339[K
[?25h[?25l[FMined empty block range #10 to #340[K
[?25h[?25l[FMined empty block range #10 to #341[K
[?25h[?25l[FMined empty block range #10 to #342[K
[?25h[?25l[FMined empty block range #10 to #343[K
[?25h[?25l[FMined empty block range #10 to #344[K
[?25h[?25l[FMined empty block range #10 to #345[K
[?25h[?25l[FMined empty block range #10 to #346[K
[?25h[?25l[FMined empty block range #10 to #347[K
[?25h[?25l[FMined empty block range #10 to #348[K
[?25h[?25l[FMined empty block range #10 to #349[K
[?25h[?25l[FMined empty block range #10 to #350[K
[?25h[?25l[FMined empty block range #10 to #351[K
[?25h[?25l[FMined empty block range #10 to #352[K
[?25h[?25l[FMined empty block range #10 to #353[K
[?25h[?25l[FMined empty block range #10 to #354[K
[?25h[?25l[FMined empty block range #10 to #355[K
[?25h[?25l[FMined empty block range #10 to #356[K
[?25h[?25l[FMined empty block range #10 to #357[K
[?25h[?25l[FMined empty block range #10 to #358[K
[?25h[?25l[FMined empty block range #10 to #359[K
[?25h[?25l[FMined empty block range #10 to #360[K
[?25h[?25l[FMined empty block range #10 to #361[K
[?25h[?25l[FMined empty block range #10 to #362[K
[?25h[?25l[FMined empty block range #10 to #363[K
[?25h[?25l[FMined empty block range #10 to #364[K
[?25h[?25l[FMined empty block range #10 to #365[K
[?25h[?25l[FMined empty block range #10 to #366[K
[?25h[?25l[FMined empty block range #10 to #367[K
[?25h[?25l[FMined empty block range #10 to #368[K
[?25h[?25l[FMined empty block range #10 to #369[K
[?25h[?25l[FMined empty block range #10 to #370[K
[?25h[?25l[FMined empty block range #10 to #371[K
[?25h[?25l[FMined empty block range #10 to #372[K
[?25h[?25l[FMined empty block range #10 to #373[K
[?25h[?25l[FMined empty block range #10 to #374[K
[?25h[?25l[FMined empty block range #10 to #375[K
[?25h[?25l[FMined empty block range #10 to #376[K
[?25h[?25l[FMined empty block range #10 to #377[K
[?25h[?25l[FMined empty block range #10 to #378[K
[?25h[?25l[FMined empty block range #10 to #379[K
[?25h[?25l[FMined empty block range #10 to #380[K
[?25h[?25l[FMined empty block range #10 to #381[K
[?25h[?25l[FMined empty block range #10 to #382[K
[?25h[?25l[FMined empty block range #10 to #383[K
[?25h[?25l[FMined empty block range #10 to #384[K
[?25h[?25l[FMined empty block range #10 to #385[K
[?25h[?25l[FMined empty block range #10 to #386[K
[?25h[?25l[FMined empty block range #10 to #387[K
[?25h[?25l[FMined empty block range #10 to #388[K
[?25h[?25l[FMined empty block range #10 to #389[K
[?25h[?25l[FMined empty block range #10 to #390[K
[?25h[?25l[FMined empty block range #10 to #391[K
[?25h[?25l[FMined empty block range #10 to #392[K
[?25h[?25l[FMined empty block range #10 to #393[K
[?25h[?25l[FMined empty block range #10 to #394[K
[?25h[?25l[FMined empty block range #10 to #395[K
[?25h[?25l[FMined empty block range #10 to #396[K
[?25h[?25l[FMined empty block range #10 to #397[K
[?25h[?25l[FMined empty block range #10 to #398[K
[?25h[?25l[FMined empty block range #10 to #399[K
[?25h[?25l[FMined empty block range #10 to #400[K
[?25h[?25l[FMined empty block range #10 to #401[K
[?25h[?25l[FMined empty block range #10 to #402[K
[?25h[?25l[FMined empty block range #10 to #403[K
[?25h[?25l[FMined empty block range #10 to #404[K
[?25h[?25l[FMined empty block range #10 to #405[K
[?25h[?25l[FMined empty block range #10 to #406[K
[?25h[?25l[FMined empty block range #10 to #407[K
[?25h[?25l[FMined empty block range #10 to #408[K
[?25h[?25l[FMined empty block range #10 to #409[K
[?25h[?25l[FMined empty block range #10 to #410[K
[?25h[?25l[FMined empty block range #10 to #411[K
[?25h[?25l[FMined empty block range #10 to #412[K
[?25h[?25l[FMined empty block range #10 to #413[K
[?25h[?25l[FMined empty block range #10 to #414[K
[?25h[?25l[FMined empty block range #10 to #415[K
[?25h[?25l[FMined empty block range #10 to #416[K
[?25h[?25l[FMined empty block range #10 to #417[K
[?25h[?25l[FMined empty block range #10 to #418[K
[?25h[?25l[FMined empty block range #10 to #419[K
[?25h[?25l[FMined empty block range #10 to #420[K
[?25h[?25l[FMined empty block range #10 to #421[K
[?25h[?25l[FMined empty block range #10 to #422[K
[?25h[?25l[FMined empty block range #10 to #423[K
[?25h[?25l[FMined empty block range #10 to #424[K
[?25h[?25l[FMined empty block range #10 to #425[K
[?25h[?25l[FMined empty block range #10 to #426[K
[?25h[?25l[FMined empty block range #10 to #427[K
[?25h[?25l[FMined empty block range #10 to #428[K
[?25h[?25l[FMined empty block range #10 to #429[K
[?25h[?25l[FMined empty block range #10 to #430[K
[?25h[?25l[FMined empty block range #10 to #431[K
[?25h[?25l[FMined empty block range #10 to #432[K
[?25h[?25l[FMined empty block range #10 to #433[K
[?25h[?25l[FMined empty block range #10 to #434[K
[?25h[?25l[FMined empty block range #10 to #435[K
[?25h[?25l[FMined empty block range #10 to #436[K
[?25h[?25l[FMined empty block range #10 to #437[K
[?25h[?25l[FMined empty block range #10 to #438[K
[?25h[?25l[FMined empty block range #10 to #439[K
[?25h[?25l[FMined empty block range #10 to #440[K
[?25h[?25l[FMined empty block range #10 to #441[K
[?25h[?25l[FMined empty block range #10 to #442[K
[?25h[?25l[FMined empty block range #10 to #443[K
[?25h[?25l[FMined empty block range #10 to #444[K
[?25h[?25l[FMined empty block range #10 to #445[K
[?25h[?25l[FMined empty block range #10 to #446[K
[?25h[?25l[FMined empty block range #10 to #447[K
[?25h[?25l[FMined empty block range #10 to #448[K
[?25h[?25l[FMined empty block range #10 to #449[K
[?25h[?25l[FMined empty block range #10 to #450[K
[?25h[?25l[FMined empty block range #10 to #451[K
[?25h[?25l[FMined empty block range #10 to #452[K
[?25h[?25l[FMined empty block range #10 to #453[K
[?25h[?25l[FMined empty block range #10 to #454[K
[?25h[?25l[FMined empty block range #10 to #455[K
[?25h[?25l[FMined empty block range #10 to #456[K
[?25h[?25l[FMined empty block range #10 to #457[K
[?25h[?25l[FMined empty block range #10 to #458[K
[?25h[?25l[FMined empty block range #10 to #459[K
[?25h[?25l[FMined empty block range #10 to #460[K
[?25h[?25l[FMined empty block range #10 to #461[K
[?25h[?25l[FMined empty block range #10 to #462[K
[?25h[?25l[FMined empty block range #10 to #463[K
[?25h[?25l[FMined empty block range #10 to #464[K
[?25h[?25l[FMined empty block range #10 to #465[K
[?25h[?25l[FMined empty block range #10 to #466[K
[?25h[?25l[FMined empty block range #10 to #467[K
[?25h[?25l[FMined empty block range #10 to #468[K
[?25h[?25l[FMined empty block range #10 to #469[K
[?25h[?25l[FMined empty block range #10 to #470[K
[?25h[?25l[FMined empty block range #10 to #471[K
[?25h[?25l[FMined empty block range #10 to #472[K
[?25h[?25l[FMined empty block range #10 to #473[K
[?25h[?25l[FMined empty block range #10 to #474[K
[?25h[?25l[FMined empty block range #10 to #475[K
[?25h[?25l[FMined empty block range #10 to #476[K
[?25h[?25l[FMined empty block range #10 to #477[K
[?25h[?25l[FMined empty block range #10 to #478[K
[?25h[?25l[FMined empty block range #10 to #479[K
[?25h[?25l[FMined empty block range #10 to #480[K
[?25h[?25l[FMined empty block range #10 to #481[K
[?25h[?25l[FMined empty block range #10 to #482[K
[?25h[?25l[FMined empty block range #10 to #483[K
[?25h[?25l[FMined empty block range #10 to #484[K
[?25h[?25l[FMined empty block range #10 to #485[K
[?25h[?25l[FMined empty block range #10 to #486[K
[?25h[?25l[FMined empty block range #10 to #487[K
[?25h[?25l[FMined empty block range #10 to #488[K
[?25h[?25l[FMined empty block range #10 to #489[K
[?25h[?25l[FMined empty block range #10 to #490[K
[?25h[?25l[FMined empty block range #10 to #491[K
[?25h[?25l[FMined empty block range #10 to #492[K
[?25h[?25l[FMined empty block range #10 to #493[K
[?25h[?25l[FMined empty block range #10 to #494[K
[?25h[?25l[FMined empty block range #10 to #495[K
[?25h[?25l[FMined empty block range #10 to #496[K
[?25h[?25l[FMined empty block range #10 to #497[K
[?25h[?25l[FMined empty block range #10 to #498[K
[?25h[?25l[FMined empty block range #10 to #499[K
[?25h[?25l[FMined empty block range #10 to #500[K
[?25h[?25l[FMined empty block range #10 to #501[K
[?25h[?25l[FMined empty block range #10 to #502[K
[?25h[?25l[FMined empty block range #10 to #503[K
[?25h[?25l[FMined empty block range #10 to #504[K
[?25h[?25l[FMined empty block range #10 to #505[K
[?25h[?25l[FMined empty block range #10 to #506[K
[?25h[?25l[FMined empty block range #10 to #507[K
[?25h[?25l[FMined empty block range #10 to #508[K
[?25h[?25l[FMined empty block range #10 to #509[K
[?25h[?25l[FMined empty block range #10 to #510[K
[?25h[?25l[FMined empty block range #10 to #511[K
[?25h[?25l[FMined empty block range #10 to #512[K
[?25h[?25l[FMined empty block range #10 to #513[K
[?25h[?25l[FMined empty block range #10 to #514[K
[?25h[?25l[FMined empty block range #10 to #515[K
[?25h[?25l[FMined empty block range #10 to #516[K
[?25h[?25l[FMined empty block range #10 to #517[K
[?25h[?25l[FMined empty block range #10 to #518[K
[?25h[?25l[FMined empty block range #10 to #519[K
[?25h[?25l[FMined empty block range #10 to #520[K
[?25h[?25l[FMined empty block range #10 to #521[K
[?25h[?25l[FMined empty block range #10 to #522[K
[?25h[?25l[FMined empty block range #10 to #523[K
[?25h[?25l[FMined empty block range #10 to #524[K
[?25h[?25l[FMined empty block range #10 to #525[K
[?25h[?25l[FMined empty block range #10 to #526[K
[?25h[?25l[FMined empty block range #10 to #527[K
[?25h[?25l[FMined empty block range #10 to #528[K
[?25h[?25l[FMined empty block range #10 to #529[K
[?25h[?25l[FMined empty block range #10 to #530[K
[?25h[?25l[FMined empty block range #10 to #531[K
[?25h[?25l[FMined empty block range #10 to #532[K
[?25h[?25l[FMined empty block range #10 to #533[K
[?25h[?25l[FMined empty block range #10 to #534[K
[?25h[?25l[FMined empty block range #10 to #535[K
[?25h[?25l[FMined empty block range #10 to #536[K
[?25h[?25l[FMined empty block range #10 to #537[K
[?25h[?25l[FMined empty block range #10 to #538[K
[?25h[?25l[FMined empty block range #10 to #539[K
[?25h[?25l[FMined empty block range #10 to #540[K
[?25h[?25l[FMined empty block range #10 to #541[K
[?25h[?25l[FMined empty block range #10 to #542[K
[?25h[?25l[FMined empty block range #10 to #543[K
[?25h[?25l[FMined empty block range #10 to #544[K
[?25h[?25l[FMined empty block range #10 to #545[K
[?25h[?25l[FMined empty block range #10 to #546[K
[?25h[?25l[FMined empty block range #10 to #547[K
[?25h[?25l[FMined empty block range #10 to #548[K
[?25h[?25l[FMined empty block range #10 to #549[K
[?25h[?25l[FMined empty block range #10 to #550[K
[?25h[?25l[FMined empty block range #10 to #551[K
[?25h[?25l[FMined empty block range #10 to #552[K
[?25h[?25l[FMined empty block range #10 to #553[K
[?25h[?25l[FMined empty block range #10 to #554[K
[?25h[?25l[FMined empty block range #10 to #555[K
[?25h[?25l[FMined empty block range #10 to #556[K
[?25h[?25l[FMined empty block range #10 to #557[K
[?25h[?25l[FMined empty block range #10 to #558[K
[?25h[?25l[FMined empty block range #10 to #559[K
[?25h[?25l[FMined empty block range #10 to #560[K
[?25h[?25l[FMined empty block range #10 to #561[K
[?25h[?25l[FMined empty block range #10 to #562[K
[?25h[?25l[FMined empty block range #10 to #563[K
[?25h[?25l[FMined empty block range #10 to #564[K
[?25h[?25l[FMined empty block range #10 to #565[K
[?25h[?25l[FMined empty block range #10 to #566[K
[?25h[?25l[FMined empty block range #10 to #567[K
[?25h[?25l[FMined empty block range #10 to #568[K
[?25h[?25l[FMined empty block range #10 to #569[K
[?25h[?25l[FMined empty block range #10 to #570[K
[?25h[?25l[FMined empty block range #10 to #571[K
[?25h[?25l[FMined empty block range #10 to #572[K
[?25h[?25l[FMined empty block range #10 to #573[K
[?25h[?25l[FMined empty block range #10 to #574[K
[?25h[?25l[FMined empty block range #10 to #575[K
[?25h[?25l[FMined empty block range #10 to #576[K
[?25h[?25l[FMined empty block range #10 to #577[K
[?25h[?25l[FMined empty block range #10 to #578[K
[?25h[?25l[FMined empty block range #10 to #579[K
[?25h[?25l[FMined empty block range #10 to #580[K
[?25h[?25l[FMined empty block range #10 to #581[K
[?25h[?25l[FMined empty block range #10 to #582[K
[?25h[?25l[FMined empty block range #10 to #583[K
[?25h[?25l[FMined empty block range #10 to #584[K
[?25h[?25l[FMined empty block range #10 to #585[K
[?25h[?25l[FMined empty block range #10 to #586[K
[?25h[?25l[FMined empty block range #10 to #587[K
[?25h[?25l[FMined empty block range #10 to #588[K
[?25h[?25l[FMined empty block range #10 to #589[K
[?25h[?25l[FMined empty block range #10 to #590[K
[?25h[?25l[FMined empty block range #10 to #591[K
[?25h[?25l[FMined empty block range #10 to #592[K
[?25h[?25l[FMined empty block range #10 to #593[K
[?25h[?25l[FMined empty block range #10 to #594[K
[?25h[?25l[FMined empty block range #10 to #595[K
[?25h[?25l[FMined empty block range #10 to #596[K
[?25h[?25l[FMined empty block range #10 to #597[K
[?25h[?25l[FMined empty block range #10 to #598[K
[?25h[?25l[FMined empty block range #10 to #599[K
[?25h[?25l[FMined empty block range #10 to #600[K
[?25h[?25l[FMined empty block range #10 to #601[K
[?25h[?25l[FMined empty block range #10 to #602[K
[?25h[?25l[FMined empty block range #10 to #603[K
[?25h[?25l[FMined empty block range #10 to #604[K
[?25h[?25l[FMined empty block range #10 to #605[K
[?25h[?25l[FMined empty block range #10 to #606[K
[?25h[?25l[FMined empty block range #10 to #607[K
[?25h[?25l[FMined empty block range #10 to #608[K
[?25h[?25l[FMined empty block range #10 to #609[K
[?25h[?25l[FMined empty block range #10 to #610[K
[?25h[?25l[FMined empty block range #10 to #611[K
[?25h[?25l[FMined empty block range #10 to #612[K
[?25h[?25l[FMined empty block range #10 to #613[K
[?25h[?25l[FMined empty block range #10 to #614[K
[?25h[?25l[FMined empty block range #10 to #615[K
[?25h[?25l[FMined empty block range #10 to #616[K
[?25h[?25l[FMined empty block range #10 to #617[K
[?25h[?25l[FMined empty block range #10 to #618[K
[?25h[?25l[FMined empty block range #10 to #619[K
[?25h[?25l[FMined empty block range #10 to #620[K
[?25h[?25l[FMined empty block range #10 to #621[K
[?25h[?25l[FMined empty block range #10 to #622[K
[?25h[?25l[FMined empty block range #10 to #623[K
[?25h[?25l[FMined empty block range #10 to #624[K
[?25h[?25l[FMined empty block range #10 to #625[K
[?25h[?25l[FMined empty block range #10 to #626[K
[?25h[?25l[FMined empty block range #10 to #627[K
[?25h[?25l[FMined empty block range #10 to #628[K
[?25h[?25l[FMined empty block range #10 to #629[K
[?25h[?25l[FMined empty block range #10 to #630[K
[?25h[?25l[FMined empty block range #10 to #631[K
[?25h[?25l[FMined empty block range #10 to #632[K
[?25h[?25l[FMined empty block range #10 to #633[K
[?25h[?25l[FMined empty block range #10 to #634[K
[?25h[?25l[FMined empty block range #10 to #635[K
[?25h[?25l[FMined empty block range #10 to #636[K
[?25h[?25l[FMined empty block range #10 to #637[K
[?25h[?25l[FMined empty block range #10 to #638[K
[?25h[?25l[FMined empty block range #10 to #639[K
[?25h[?25l[FMined empty block range #10 to #640[K
[?25h[?25l[FMined empty block range #10 to #641[K
[?25h[?25l[FMined empty block range #10 to #642[K
[?25h[?25l[FMined empty block range #10 to #643[K
[?25h[?25l[FMined empty block range #10 to #644[K
[?25h[?25l[FMined empty block range #10 to #645[K
[?25h[?25l[FMined empty block range #10 to #646[K
[?25h[?25l[FMined empty block range #10 to #647[K
[?25h[?25l[FMined empty block range #10 to #648[K
[?25h[?25l[FMined empty block range #10 to #649[K
[?25h[?25l[FMined empty block range #10 to #650[K
[?25h[?25l[FMined empty block range #10 to #651[K
[?25h[?25l[FMined empty block range #10 to #652[K
[?25h[?25l[FMined empty block range #10 to #653[K
[?25h[?25l[FMined empty block range #10 to #654[K
[?25h[?25l[FMined empty block range #10 to #655[K
[?25h[?25l[FMined empty block range #10 to #656[K
[?25h[?25l[FMined empty block range #10 to #657[K
[?25h[?25l[FMined empty block range #10 to #658[K
[?25h[?25l[FMined empty block range #10 to #659[K
[?25h[?25l[FMined empty block range #10 to #660[K
[?25h[?25l[FMined empty block range #10 to #661[K
[?25h[?25l[FMined empty block range #10 to #662[K
[?25h[?25l[FMined empty block range #10 to #663[K
[?25h[?25l[FMined empty block range #10 to #664[K
[?25h[?25l[FMined empty block range #10 to #665[K
[?25h[?25l[FMined empty block range #10 to #666[K
[?25h[?25l[FMined empty block range #10 to #667[K
[?25h[?25l[FMined empty block range #10 to #668[K
[?25h[?25l[FMined empty block range #10 to #669[K
[?25h[?25l[FMined empty block range #10 to #670[K
[?25h[?25l[FMined empty block range #10 to #671[K
[?25h[?25l[FMined empty block range #10 to #672[K
[?25h[?25l[FMined empty block range #10 to #673[K
[?25h[?25l[FMined empty block range #10 to #674[K
[?25h[?25l[FMined empty block range #10 to #675[K
[?25h[?25l[FMined empty block range #10 to #676[K
[?25h[?25l[FMined empty block range #10 to #677[K
[?25h[?25l[FMined empty block range #10 to #678[K
[?25h[?25l[FMined empty block range #10 to #679[K
[?25h[?25l[FMined empty block range #10 to #680[K
[?25h[?25l[FMined empty block range #10 to #681[K
[?25h[?25l[FMined empty block range #10 to #682[K
[?25h[?25l[FMined empty block range #10 to #683[K
[?25h[?25l[FMined empty block range #10 to #684[K
[?25h[?25l[FMined empty block range #10 to #685[K
[?25h[?25l[FMined empty block range #10 to #686[K
[?25h[?25l[FMined empty block range #10 to #687[K
[?25h[?25l[FMined empty block range #10 to #688[K
[?25h[?25l[FMined empty block range #10 to #689[K
[?25h[?25l[FMined empty block range #10 to #690[K
[?25h[?25l[FMined empty block range #10 to #691[K
[?25h[?25l[FMined empty block range #10 to #692[K
[?25h[?25l[FMined empty block range #10 to #693[K
[?25h[?25l[FMined empty block range #10 to #694[K
[?25h[?25l[FMined empty block range #10 to #695[K
[?25h[?25l[FMined empty block range #10 to #696[K
[?25h[?25l[FMined empty block range #10 to #697[K
[?25h[?25l[FMined empty block range #10 to #698[K
[?25h[?25l[FMined empty block range #10 to #699[K
[?25h[?25l[FMined empty block range #10 to #700[K
[?25h[?25l[FMined empty block range #10 to #701[K
[?25h[?25l[FMined empty block range #10 to #702[K
[?25h[?25l[FMined empty block range #10 to #703[K
[?25h[?25l[FMined empty block range #10 to #704[K
[?25h[?25l[FMined empty block range #10 to #705[K
[?25h[?25l[FMined empty block range #10 to #706[K
[?25h[?25l[FMined empty block range #10 to #707[K
[?25h[?25l[FMined empty block range #10 to #708[K
[?25h[?25l[FMined empty block range #10 to #709[K
[?25h[?25l[FMined empty block range #10 to #710[K
[?25h[?25l[FMined empty block range #10 to #711[K
[?25h[?25l[FMined empty block range #10 to #712[K
[?25h[?25l[FMined empty block range #10 to #713[K
[?25h[?25l[FMined empty block range #10 to #714[K
[?25h[?25l[FMined empty block range #10 to #715[K
[?25h[?25l[FMined empty block range #10 to #716[K
[?25h[?25l[FMined empty block range #10 to #717[K
[?25h[?25l[FMined empty block range #10 to #718[K
[?25h[?25l[FMined empty block range #10 to #719[K
[?25h[?25l[FMined empty block range #10 to #720[K
[?25h[?25l[FMined empty block range #10 to #721[K
[?25h[?25l[FMined empty block range #10 to #722[K
[?25h[?25l[FMined empty block range #10 to #723[K
[?25h[?25l[FMined empty block range #10 to #724[K
[?25h[?25l[FMined empty block range #10 to #725[K
[?25h[?25l[FMined empty block range #10 to #726[K
[?25h[?25l[FMined empty block range #10 to #727[K
[?25h[?25l[FMined empty block range #10 to #728[K
[?25h[?25l[FMined empty block range #10 to #729[K
[?25h[?25l[FMined empty block range #10 to #730[K
[?25h[?25l[FMined empty block range #10 to #731[K
[?25h[?25l[FMined empty block range #10 to #732[K
[?25h[?25l[FMined empty block range #10 to #733[K
[?25h[?25l[FMined empty block range #10 to #734[K
[?25h[?25l[FMined empty block range #10 to #735[K
[?25h[?25l[FMined empty block range #10 to #736[K
[?25h[?25l[FMined empty block range #10 to #737[K
[?25h[?25l[FMined empty block range #10 to #738[K
[?25h[?25l[FMined empty block range #10 to #739[K
[?25h[?25l[FMined empty block range #10 to #740[K
[?25h[?25l[FMined empty block range #10 to #741[K
[?25h[?25l[FMined empty block range #10 to #742[K
[?25h[?25l[FMined empty block range #10 to #743[K
[?25h[?25l[FMined empty block range #10 to #744[K
[?25h[?25l[FMined empty block range #10 to #745[K
[?25h[?25l[FMined empty block range #10 to #746[K
[?25h[?25l[FMined empty block range #10 to #747[K
[?25h[?25l[FMined empty block range #10 to #748[K
[?25h[?25l[FMined empty block range #10 to #749[K
[?25h[?25l[FMined empty block range #10 to #750[K
[?25h[?25l[FMined empty block range #10 to #751[K
[?25h[?25l[FMined empty block range #10 to #752[K
[?25h[?25l[FMined empty block range #10 to #753[K
[?25h[?25l[FMined empty block range #10 to #754[K
[?25h[?25l[FMined empty block range #10 to #755[K
[?25h[?25l[FMined empty block range #10 to #756[K
[?25h[?25l[FMined empty block range #10 to #757[K
[?25h[?25l[FMined empty block range #10 to #758[K
[?25h[?25l[FMined empty block range #10 to #759[K
[?25h[?25l[FMined empty block range #10 to #760[K
[?25h[?25l[FMined empty block range #10 to #761[K
[?25h[?25l[FMined empty block range #10 to #762[K
[?25h[?25l[FMined empty block range #10 to #763[K
[?25h[?25l[FMined empty block range #10 to #764[K
[?25h[?25l[FMined empty block range #10 to #765[K
[?25h[?25l[FMined empty block range #10 to #766[K
[?25h[?25l[FMined empty block range #10 to #767[K
[?25h[?25l[FMined empty block range #10 to #768[K
[?25h[?25l[FMined empty block range #10 to #769[K
[?25h[?25l[FMined empty block range #10 to #770[K
[?25h[?25l[FMined empty block range #10 to #771[K
[?25h[?25l[FMined empty block range #10 to #772[K
[?25h[?25l[FMined empty block range #10 to #773[K
[?25h[?25l[FMined empty block range #10 to #774[K
[?25h[?25l[FMined empty block range #10 to #775[K
[?25h[?25l[FMined empty block range #10 to #776[K
[?25h[?25l[FMined empty block range #10 to #777[K
[?25h[?25l[FMined empty block range #10 to #778[K
[?25h[?25l[FMined empty block range #10 to #779[K
[?25h[?25l[FMined empty block range #10 to #780[K
[?25h[?25l[FMined empty block range #10 to #781[K
[?25h[?25l[FMined empty block range #10 to #782[K
[?25h[?25l[FMined empty block range #10 to #783[K
[?25h[?25l[FMined empty block range #10 to #784[K
[?25h[?25l[FMined empty block range #10 to #785[K
[?25h[?25l[FMined empty block range #10 to #786[K
[?25h[?25l[FMined empty block range #10 to #787[K
[?25h[?25l[FMined empty block range #10 to #788[K
[?25h[?25l[FMined empty block range #10 to #789[K
[?25h[?25l[FMined empty block range #10 to #790[K
[?25h[?25l[FMined empty block range #10 to #791[K
[?25h[?25l[FMined empty block range #10 to #792[K
[?25h[?25l[FMined empty block range #10 to #793[K
[?25h[?25l[FMined empty block range #10 to #794[K
[?25h[?25l[FMined empty block range #10 to #795[K
[?25h[?25l[FMined empty block range #10 to #796[K
[?25h[?25l[FMined empty block range #10 to #797[K
[?25h[?25l[FMined empty block range #10 to #798[K
[?25h[?25l[FMined empty block range #10 to #799[K
[?25h[?25l[FMined empty block range #10 to #800[K
[?25h[?25l[FMined empty block range #10 to #801[K
[?25h[?25l[FMined empty block range #10 to #802[K
[?25h[?25l[FMined empty block range #10 to #803[K
[?25h[?25l[FMined empty block range #10 to #804[K
[?25h[?25l[FMined empty block range #10 to #805[K
[?25h[?25l[FMined empty block range #10 to #806[K
[?25h[?25l[FMined empty block range #10 to #807[K
[?25h[?25l[FMined empty block range #10 to #808[K
[?25h[?25l[FMined empty block range #10 to #809[K
[?25h[?25l[FMined empty block range #10 to #810[K
[?25h[?25l[FMined empty block range #10 to #811[K
[?25h[?25l[FMined empty block range #10 to #812[K
[?25h[?25l[FMined empty block range #10 to #813[K
[?25h[?25l[FMined empty block range #10 to #814[K
[?25h[?25l[FMined empty block range #10 to #815[K
[?25h[?25l[FMined empty block range #10 to #816[K
[?25h[?25l[FMined empty block range #10 to #817[K
[?25h[?25l[FMined empty block range #10 to #818[K
[?25h[?25l[FMined empty block range #10 to #819[K
[?25h[?25l[FMined empty block range #10 to #820[K
[?25h[?25l[FMined empty block range #10 to #821[K
[?25h[?25l[FMined empty block range #10 to #822[K
[?25h[?25l[FMined empty block range #10 to #823[K
[?25h[?25l[FMined empty block range #10 to #824[K
[?25h[?25l[FMined empty block range #10 to #825[K
[?25h[?25l[FMined empty block range #10 to #826[K
[?25h[?25l[FMined empty block range #10 to #827[K
[?25h[?25l[FMined empty block range #10 to #828[K
[?25h[?25l[FMined empty block range #10 to #829[K
[?25h[?25l[FMined empty block range #10 to #830[K
[?25h[?25l[FMined empty block range #10 to #831[K
[?25h[?25l[FMined empty block range #10 to #832[K
[?25h[?25l[FMined empty block range #10 to #833[K
[?25h[?25l[FMined empty block range #10 to #834[K
[?25h[?25l[FMined empty block range #10 to #835[K
[?25h[?25l[FMined empty block range #10 to #836[K
[?25h[?25l[FMined empty block range #10 to #837[K
[?25h[?25l[FMined empty block range #10 to #838[K
[?25h[?25l[FMined empty block range #10 to #839[K
[?25h[?25l[FMined empty block range #10 to #840[K
[?25h[?25l[FMined empty block range #10 to #841[K
[?25h[?25l[FMined empty block range #10 to #842[K
[?25h[?25l[FMined empty block range #10 to #843[K
[?25h[?25l[FMined empty block range #10 to #844[K
[?25h[?25l[FMined empty block range #10 to #845[K
[?25h[?25l[FMined empty block range #10 to #846[K
[?25h[?25l[FMined empty block range #10 to #847[K
[?25h[?25l[FMined empty block range #10 to #848[K
[?25h[?25l[FMined empty block range #10 to #849[K
[?25h[?25l[FMined empty block range #10 to #850[K
[?25h[?25l[FMined empty block range #10 to #851[K
[?25h[?25l[FMined empty block range #10 to #852[K
[?25h[?25l[FMined empty block range #10 to #853[K
[?25h[?25l[FMined empty block range #10 to #854[K
[?25h[?25l[FMined empty block range #10 to #855[K
[?25h[?25l[FMined empty block range #10 to #856[K
[?25h[?25l[FMined empty block range #10 to #857[K
[?25h[?25l[FMined empty block range #10 to #858[K
[?25h[?25l[FMined empty block range #10 to #859[K
[?25h[?25l[FMined empty block range #10 to #860[K
[?25h[?25l[FMined empty block range #10 to #861[K
[?25h[?25l[FMined empty block range #10 to #862[K
[?25h[?25l[FMined empty block range #10 to #863[K
[?25h[?25l[FMined empty block range #10 to #864[K
[?25h[?25l[FMined empty block range #10 to #865[K
[?25h[?25l[FMined empty block range #10 to #866[K
[?25h[?25l[FMined empty block range #10 to #867[K
[?25h[?25l[FMined empty block range #10 to #868[K
[?25h[?25l[FMined empty block range #10 to #869[K
[?25h[?25l[FMined empty block range #10 to #870[K
[?25h[?25l[FMined empty block range #10 to #871[K
[?25h[?25l[FMined empty block range #10 to #872[K
[?25h[?25l[FMined empty block range #10 to #873[K
[?25h[?25l[FMined empty block range #10 to #874[K
[?25h[?25l[FMined empty block range #10 to #875[K
[?25h[?25l[FMined empty block range #10 to #876[K
[?25h[?25l[FMined empty block range #10 to #877[K
[?25h[?25l[FMined empty block range #10 to #878[K
[?25h[?25l[FMined empty block range #10 to #879[K
[?25h[?25l[FMined empty block range #10 to #880[K
[?25h[?25l[FMined empty block range #10 to #881[K
[?25h[?25l[FMined empty block range #10 to #882[K
[?25h[?25l[FMined empty block range #10 to #883[K
[?25h[?25l[FMined empty block range #10 to #884[K
[?25h[?25l[FMined empty block range #10 to #885[K
[?25h[?25l[FMined empty block range #10 to #886[K
[?25h[?25l[FMined empty block range #10 to #887[K
[?25h[?25l[FMined empty block range #10 to #888[K
[?25h[?25l[FMined empty block range #10 to #889[K
[?25h[?25l[FMined empty block range #10 to #890[K
[?25h[?25l[FMined empty block range #10 to #891[K
[?25h[?25l[FMined empty block range #10 to #892[K
[?25h[?25l[FMined empty block range #10 to #893[K
[?25h[?25l[FMined empty block range #10 to #894[K
[?25h[?25l[FMined empty block range #10 to #895[K
[?25h[?25l[FMined empty block range #10 to #896[K
[?25h[?25l[FMined empty block range #10 to #897[K
[?25h[?25l[FMined empty block range #10 to #898[K
[?25h[?25l[FMined empty block range #10 to #899[K
[?25h[?25l[FMined empty block range #10 to #900[K
[?25h[?25l[FMined empty block range #10 to #901[K
[?25h[?25l[FMined empty block range #10 to #902[K
[?25h[?25l[FMined empty block range #10 to #903[K
[?25h[?25l[FMined empty block range #10 to #904[K
[?25h[?25l[FMined empty block range #10 to #905[K
[?25h[?25l[FMined empty block range #10 to #906[K
[?25h[?25l[FMined empty block range #10 to #907[K
[?25h[?25l[FMined empty block range #10 to #908[K
[?25h[?25l[FMined empty block range #10 to #909[K
[?25h[?25l[FMined empty block range #10 to #910[K
[?25h[?25l[FMined empty block range #10 to #911[K
[?25h[?25l[FMined empty block range #10 to #912[K
[?25h[?25l[FMined empty block range #10 to #913[K
[?25h[?25l[FMined empty block range #10 to #914[K
[?25h[?25l[FMined empty block range #10 to #915[K
[?25h[?25l[FMined empty block range #10 to #916[K
[?25h[?25l[FMined empty block range #10 to #917[K
[?25h[?25l[FMined empty block range #10 to #918[K
[?25h[?25l[FMined empty block range #10 to #919[K
[?25h[?25l[FMined empty block range #10 to #920[K
[?25h[?25l[FMined empty block range #10 to #921[K
[?25h[?25l[FMined empty block range #10 to #922[K
[?25h[?25l[FMined empty block range #10 to #923[K
[?25h[?25l[FMined empty block range #10 to #924[K
[?25h[?25l[FMined empty block range #10 to #925[K
[?25h[?25l[FMined empty block range #10 to #926[K
[?25h[?25l[FMined empty block range #10 to #927[K
[?25h[?25l[FMined empty block range #10 to #928[K
[?25h[?25l[FMined empty block range #10 to #929[K
[?25h[?25l[FMined empty block range #10 to #930[K
[?25h[?25l[FMined empty block range #10 to #931[K
[?25h[?25l[FMined empty block range #10 to #932[K
[?25h[?25l[FMined empty block range #10 to #933[K
[?25h[?25l[FMined empty block range #10 to #934[K
[?25h[?25l[FMined empty block range #10 to #935[K
[?25h[?25l[FMined empty block range #10 to #936[K
[?25h[?25l[FMined empty block range #10 to #937[K
[?25h[?25l[FMined empty block range #10 to #938[K
[?25h[?25l[FMined empty block range #10 to #939[K
[?25h[?25l[FMined empty block range #10 to #940[K
[?25h[?25l[FMined empty block range #10 to #941[K
[?25h[?25l[FMined empty block range #10 to #942[K
[?25h[?25l[FMined empty block range #10 to #943[K
[?25h[?25l[FMined empty block range #10 to #944[K
[?25h[?25l[FMined empty block range #10 to #945[K
[?25h[?25l[FMined empty block range #10 to #946[K
[?25h[?25l[FMined empty block range #10 to #947[K
[?25h[?25l[FMined empty block range #10 to #948[K
[?25h[?25l[FMined empty block range #10 to #949[K
[?25h[?25l[FMined empty block range #10 to #950[K
[?25h[?25l[FMined empty block range #10 to #951[K
[?25h[?25l[FMined empty block range #10 to #952[K
[?25h[?25l[FMined empty block range #10 to #953[K
[?25h[?25l[FMined empty block range #10 to #954[K
[?25h[?25l[FMined empty block range #10 to #955[K
[?25h[?25l[FMined empty block range #10 to #956[K
[?25h[?25l[FMined empty block range #10 to #957[K
[?25h[?25l[FMined empty block range #10 to #958[K
[?25h[?25l[FMined empty block range #10 to #959[K
[?25h[?25l[FMined empty block range #10 to #960[K
[?25h[?25l[FMined empty block range #10 to #961[K
[?25h[?25l[FMined empty block range #10 to #962[K
[?25h[?25l[FMined empty block range #10 to #963[K
[?25h[?25l[FMined empty block range #10 to #964[K
[?25h[?25l[FMined empty block range #10 to #965[K
[?25h[?25l[FMined empty block range #10 to #966[K
[?25h[?25l[FMined empty block range #10 to #967[K
[?25h[?25l[FMined empty block range #10 to #968[K
[?25h[?25l[FMined empty block range #10 to #969[K
[?25h[?25l[FMined empty block range #10 to #970[K
[?25h[?25l[FMined empty block range #10 to #971[K
[?25h[?25l[FMined empty block range #10 to #972[K
[?25h[?25l[FMined empty block range #10 to #973[K
[?25h[?25l[FMined empty block range #10 to #974[K
[?25h[?25l[FMined empty block range #10 to #975[K
[?25h[?25l[FMined empty block range #10 to #976[K
[?25h[?25l[FMined empty block range #10 to #977[K
[?25h[?25l[FMined empty block range #10 to #978[K
[?25h[?25l[FMined empty block range #10 to #979[K
[?25h[?25l[FMined empty block range #10 to #980[K
[?25h[?25l[FMined empty block range #10 to #981[K
[?25h[?25l[FMined empty block range #10 to #982[K
[?25h[?25l[FMined empty block range #10 to #983[K
[?25h[?25l[FMined empty block range #10 to #984[K
[?25h[?25l[FMined empty block range #10 to #985[K
[?25h[?25l[FMined empty block range #10 to #986[K
[?25h[?25l[FMined empty block range #10 to #987[K
[?25h[?25l[FMined empty block range #10 to #988[K
[?25h[?25l[FMined empty block range #10 to #989[K
[?25h[?25l[FMined empty block range #10 to #990[K
[?25h[?25l[FMined empty block range #10 to #991[K
[?25h[?25l[FMined empty block range #10 to #992[K
[?25h[?25l[FMined empty block range #10 to #993[K
[?25h[?25l[FMined empty block range #10 to #994[K
[?25h[?25l[FMined empty block range #10 to #995[K
[?25h[?25l[FMined empty block range #10 to #996[K
[?25h[?25l[FMined empty block range #10 to #997[K
[?25h[?25l[FMined empty block range #10 to #998[K
[?25h[?25l[FMined empty block range #10 to #999[K
[?25h[?25l[FMined empty block range #10 to #1000[K
[?25h[?25l[FMined empty block range #10 to #1001[K
[?25h[?25l[FMined empty block range #10 to #1002[K
[?25h[?25l[FMined empty block range #10 to #1003[K
[?25h[?25l[FMined empty block range #10 to #1004[K
[?25h[?25l[FMined empty block range #10 to #1005[K
[?25h[?25l[FMined empty block range #10 to #1006[K
[?25h[?25l[FMined empty block range #10 to #1007[K
[?25h[?25l[FMined empty block range #10 to #1008[K
[?25h[?25l[FMined empty block range #10 to #1009[K
[?25h[?25l[FMined empty block range #10 to #1010[K
[?25h[?25l[FMined empty block range #10 to #1011[K
[?25h[?25l[FMined empty block range #10 to #1012[K
[?25h[?25l[FMined empty block range #10 to #1013[K
[?25h[?25l[FMined empty block range #10 to #1014[K
[?25h[?25l[FMined empty block range #10 to #1015[K
[?25h[?25l[FMined empty block range #10 to #1016[K
[?25h[?25l[FMined empty block range #10 to #1017[K
[?25h[?25l[FMined empty block range #10 to #1018[K
[?25h[?25l[FMined empty block range #10 to #1019[K
[?25h[?25l[FMined empty block range #10 to #1020[K
[?25h[?25l[FMined empty block range #10 to #1021[K
[?25h[?25l[FMined empty block range #10 to #1022[K
[?25h[?25l[FMined empty block range #10 to #1023[K
[?25h[?25l[FMined empty block range #10 to #1024[K
[?25h[?25l[FMined empty block range #10 to #1025[K
[?25h[?25l[FMined empty block range #10 to #1026[K
[?25h[?25l[FMined empty block range #10 to #1027[K
[?25h[?25l[FMined empty block range #10 to #1028[K
[?25h[?25l[FMined empty block range #10 to #1029[K
[?25h[?25l[FMined empty block range #10 to #1030[K
[?25h[?25l[FMined empty block range #10 to #1031[K
[?25h[?25l[FMined empty block range #10 to #1032[K
[?25h[?25l[FMined empty block range #10 to #1033[K
[?25h[?25l[FMined empty block range #10 to #1034[K
[?25h[?25l[FMined empty block range #10 to #1035[K
[?25h[?25l[FMined empty block range #10 to #1036[K
[?25h[?25l[FMined empty block range #10 to #1037[K
[?25h[?25l[FMined empty block range #10 to #1038[K
[?25h[?25l[FMined empty block range #10 to #1039[K
[?25h[?25l[FMined empty block range #10 to #1040[K
[?25h[?25l[FMined empty block range #10 to #1041[K
[?25h[?25l[FMined empty block range #10 to #1042[K
[?25h[?25l[FMined empty block range #10 to #1043[K
[?25h[?25l[FMined empty block range #10 to #1044[K
[?25h[?25l[FMined empty block range #10 to #1045[K
[?25h[?25l[FMined empty block range #10 to #1046[K
[?25h[?25l[FMined empty block range #10 to #1047[K
[?25h[?25l[FMined empty block range #10 to #1048[K
[?25h[?25l[FMined empty block range #10 to #1049[K
[?25h[?25l[FMined empty block range #10 to #1050[K
[?25h[?25l[FMined empty block range #10 to #1051[K
[?25h[?25l[FMined empty block range #10 to #1052[K
[?25h[?25l[FMined empty block range #10 to #1053[K
[?25h[?25l[FMined empty block range #10 to #1054[K
[?25h[?25l[FMined empty block range #10 to #1055[K
[?25h[?25l[FMined empty block range #10 to #1056[K
[?25h[?25l[FMined empty block range #10 to #1057[K
[?25h[?25l[FMined empty block range #10 to #1058[K
[?25h[?25l[FMined empty block range #10 to #1059[K
[?25h[?25l[FMined empty block range #10 to #1060[K
[?25h[?25l[FMined empty block range #10 to #1061[K
[?25h[?25l[FMined empty block range #10 to #1062[K
[?25h[?25l[FMined empty block range #10 to #1063[K
[?25h[?25l[FMined empty block range #10 to #1064[K
[?25h[?25l[FMined empty block range #10 to #1065[K
[?25h[?25l[FMined empty block range #10 to #1066[K
[?25h[?25l[FMined empty block range #10 to #1067[K
[?25h[?25l[FMined empty block range #10 to #1068[K
[?25h[?25l[FMined empty block range #10 to #1069[K
[?25h[?25l[FMined empty block range #10 to #1070[K
[?25h[?25l[FMined empty block range #10 to #1071[K
[?25h[?25l[FMined empty block range #10 to #1072[K
[?25h[?25l[FMined empty block range #10 to #1073[K
[?25h[?25l[FMined empty block range #10 to #1074[K
[?25h[?25l[FMined empty block range #10 to #1075[K
[?25h[?25l[FMined empty block range #10 to #1076[K
[?25h[?25l[FMined empty block range #10 to #1077[K
[?25h[?25l[FMined empty block range #10 to #1078[K
[?25h[?25l[FMined empty block range #10 to #1079[K
[?25h[?25l[FMined empty block range #10 to #1080[K
[?25h[?25l[FMined empty block range #10 to #1081[K
[?25h[?25l[FMined empty block range #10 to #1082[K
[?25h[?25l[FMined empty block range #10 to #1083[K
[?25h[?25l[FMined empty block range #10 to #1084[K
[?25h[?25l[FMined empty block range #10 to #1085[K
[?25h[?25l[FMined empty block range #10 to #1086[K
[?25h[?25l[FMined empty block range #10 to #1087[K
[?25h[?25l[FMined empty block range #10 to #1088[K
[?25h[?25l[FMined empty block range #10 to #1089[K
[?25h[?25l[FMined empty block range #10 to #1090[K
[?25h[?25l[FMined empty block range #10 to #1091[K
[?25h[?25l[FMined empty block range #10 to #1092[K
[?25h[?25l[FMined empty block range #10 to #1093[K
[?25h[?25l[FMined empty block range #10 to #1094[K
[?25h[?25l[FMined empty block range #10 to #1095[K
[?25h[?25l[FMined empty block range #10 to #1096[K
[?25h[?25l[FMined empty block range #10 to #1097[K
[?25h[?25l[FMined empty block range #10 to #1098[K
[?25h[?25l[FMined empty block range #10 to #1099[K
[?25h[?25l[FMined empty block range #10 to #1100[K
[?25h[?25l[FMined empty block range #10 to #1101[K
[?25h[?25l[FMined empty block range #10 to #1102[K
[?25h[?25l[FMined empty block range #10 to #1103[K
[?25h[?25l[FMined empty block range #10 to #1104[K
[?25h[?25l[FMined empty block range #10 to #1105[K
[?25h[?25l[FMined empty block range #10 to #1106[K
[?25h[?25l[FMined empty block range #10 to #1107[K
[?25h[?25l[FMined empty block range #10 to #1108[K
[?25h[?25l[FMined empty block range #10 to #1109[K
[?25h[?25l[FMined empty block range #10 to #1110[K
[?25h[?25l[FMined empty block range #10 to #1111[K
[?25h[?25l[FMined empty block range #10 to #1112[K
[?25h[?25l[FMined empty block range #10 to #1113[K
[?25h[?25l[FMined empty block range #10 to #1114[K
[?25h[?25l[FMined empty block range #10 to #1115[K
[?25h[?25l[FMined empty block range #10 to #1116[K
[?25h[?25l[FMined empty block range #10 to #1117[K
[?25h[?25l[FMined empty block range #10 to #1118[K
[?25h[?25l[FMined empty block range #10 to #1119[K
[?25h[?25l[FMined empty block range #10 to #1120[K
[?25h[?25l[FMined empty block range #10 to #1121[K
[?25h[?25l[FMined empty block range #10 to #1122[K
[?25h[?25l[FMined empty block range #10 to #1123[K
[?25h[?25l[FMined empty block range #10 to #1124[K
[?25h[?25l[FMined empty block range #10 to #1125[K
[?25h[?25l[FMined empty block range #10 to #1126[K
[?25h[?25l[FMined empty block range #10 to #1127[K
[?25h[?25l[FMined empty block range #10 to #1128[K
[?25h[?25l[FMined empty block range #10 to #1129[K
[?25h[?25l[FMined empty block range #10 to #1130[K
[?25h[?25l[FMined empty block range #10 to #1131[K
[?25h[?25l[FMined empty block range #10 to #1132[K
[?25h[?25l[FMined empty block range #10 to #1133[K
[?25h[?25l[FMined empty block range #10 to #1134[K
[?25h[?25l[FMined empty block range #10 to #1135[K
[?25h[?25l[FMined empty block range #10 to #1136[K
[?25h[?25l[FMined empty block range #10 to #1137[K
[?25h[?25l[FMined empty block range #10 to #1138[K
[?25h[?25l[FMined empty block range #10 to #1139[K
[?25h[?25l[FMined empty block range #10 to #1140[K
[?25h[?25l[FMined empty block range #10 to #1141[K
[?25h[?25l[FMined empty block range #10 to #1142[K
[?25h[?25l[FMined empty block range #10 to #1143[K
[?25h[?25l[FMined empty block range #10 to #1144[K
[?25h[?25l[FMined empty block range #10 to #1145[K
[?25h[?25l[FMined empty block range #10 to #1146[K
[?25h[?25l[FMined empty block range #10 to #1147[K
[?25h[?25l[FMined empty block range #10 to #1148[K
[?25h[?25l[FMined empty block range #10 to #1149[K
[?25h[?25l[FMined empty block range #10 to #1150[K
[?25h[?25l[FMined empty block range #10 to #1151[K
[?25h[?25l[FMined empty block range #10 to #1152[K
[?25h[?25l[FMined empty block range #10 to #1153[K
[?25h[?25l[FMined empty block range #10 to #1154[K
[?25h[?25l[FMined empty block range #10 to #1155[K
[?25h[?25l[FMined empty block range #10 to #1156[K
[?25h[?25l[FMined empty block range #10 to #1157[K
[?25h[?25l[FMined empty block range #10 to #1158[K
[?25h[?25l[FMined empty block range #10 to #1159[K
[?25h[?25l[FMined empty block range #10 to #1160[K
[?25h[?25l[FMined empty block range #10 to #1161[K
[?25h[?25l[FMined empty block range #10 to #1162[K
[?25h[?25l[FMined empty block range #10 to #1163[K
[?25h[?25l[FMined empty block range #10 to #1164[K
[?25h[?25l[FMined empty block range #10 to #1165[K
[?25h[?25l[FMined empty block range #10 to #1166[K
[?25h[?25l[FMined empty block range #10 to #1167[K
[?25h[?25l[FMined empty block range #10 to #1168[K
[?25h[?25l[FMined empty block range #10 to #1169[K
[?25h[?25l[FMined empty block range #10 to #1170[K
[?25h[?25l[FMined empty block range #10 to #1171[K
[?25h[?25l[FMined empty block range #10 to #1172[K
[?25h[?25l[FMined empty block range #10 to #1173[K
[?25h[?25l[FMined empty block range #10 to #1174[K
[?25h[?25l[FMined empty block range #10 to #1175[K
[?25h[?25l[FMined empty block range #10 to #1176[K
[?25h[?25l[FMined empty block range #10 to #1177[K
[?25h[?25l[FMined empty block range #10 to #1178[K
[?25h[?25l[FMined empty block range #10 to #1179[K
[?25h[?25l[FMined empty block range #10 to #1180[K
[?25h[?25l[FMined empty block range #10 to #1181[K
[?25h[?25l[FMined empty block range #10 to #1182[K
[?25h[?25l[FMined empty block range #10 to #1183[K
[?25h[?25l[FMined empty block range #10 to #1184[K
[?25h[?25l[FMined empty block range #10 to #1185[K
[?25h[?25l[FMined empty block range #10 to #1186[K
[?25h[?25l[FMined empty block range #10 to #1187[K
[?25h[?25l[FMined empty block range #10 to #1188[K
[?25h[?25l[FMined empty block range #10 to #1189[K
[?25h[?25l[FMined empty block range #10 to #1190[K
[?25h[?25l[FMined empty block range #10 to #1191[K
[?25h[?25l[FMined empty block range #10 to #1192[K
[?25h[?25l[FMined empty block range #10 to #1193[K
[?25h[?25l[FMined empty block range #10 to #1194[K
[?25h[?25l[FMined empty block range #10 to #1195[K
[?25h[?25l[FMined empty block range #10 to #1196[K
[?25h[?25l[FMined empty block range #10 to #1197[K
[?25h[?25l[FMined empty block range #10 to #1198[K
[?25h[?25l[FMined empty block range #10 to #1199[K
[?25h[?25l[FMined empty block range #10 to #1200[K
[?25h[?25l[FMined empty block range #10 to #1201[K
[?25h[?25l[FMined empty block range #10 to #1202[K
[?25h[?25l[FMined empty block range #10 to #1203[K
[?25h[?25l[FMined empty block range #10 to #1204[K
[?25h[?25l[FMined empty block range #10 to #1205[K
[?25h[?25l[FMined empty block range #10 to #1206[K
[?25h[?25l[FMined empty block range #10 to #1207[K
[?25h[?25l[FMined empty block range #10 to #1208[K
[?25h[?25l[FMined empty block range #10 to #1209[K
[?25h[?25l[FMined empty block range #10 to #1210[K
[?25h[?25l[FMined empty block range #10 to #1211[K
[?25h[?25l[FMined empty block range #10 to #1212[K
[?25h[?25l[FMined empty block range #10 to #1213[K
[?25h[?25l[FMined empty block range #10 to #1214[K
[?25h[?25l[FMined empty block range #10 to #1215[K
[?25h[?25l[FMined empty block range #10 to #1216[K
[?25h[?25l[FMined empty block range #10 to #1217[K
[?25h[?25l[FMined empty block range #10 to #1218[K
[?25h[?25l[FMined empty block range #10 to #1219[K
[?25h[?25l[FMined empty block range #10 to #1220[K
[?25h[?25l[FMined empty block range #10 to #1221[K
[?25h[?25l[FMined empty block range #10 to #1222[K
[?25h[?25l[FMined empty block range #10 to #1223[K
[?25h[?25l[FMined empty block range #10 to #1224[K
[?25h[?25l[FMined empty block range #10 to #1225[K
[?25h[?25l[FMined empty block range #10 to #1226[K
[?25h[?25l[FMined empty block range #10 to #1227[K
[?25h[?25l[FMined empty block range #10 to #1228[K
[?25h[?25l[FMined empty block range #10 to #1229[K
[?25h[?25l[FMined empty block range #10 to #1230[K
[?25h[?25l[FMined empty block range #10 to #1231[K
[?25h[?25l[FMined empty block range #10 to #1232[K
[?25h[?25l[FMined empty block range #10 to #1233[K
[?25h[?25l[FMined empty block range #10 to #1234[K
[?25h[?25l[FMined empty block range #10 to #1235[K
[?25h[?25l[FMined empty block range #10 to #1236[K
[?25h[?25l[FMined empty block range #10 to #1237[K
[?25h[?25l[FMined empty block range #10 to #1238[K
[?25h[?25l[FMined empty block range #10 to #1239[K
[?25h[?25l[FMined empty block range #10 to #1240[K
[?25h[?25l[FMined empty block range #10 to #1241[K
[?25h[?25l[FMined empty block range #10 to #1242[K
[?25h[?25l[FMined empty block range #10 to #1243[K
[?25h[?25l[FMined empty block range #10 to #1244[K
[?25h[?25l[FMined empty block range #10 to #1245[K
[?25h[?25l[FMined empty block range #10 to #1246[K
[?25h[?25l[FMined empty block range #10 to #1247[K
[?25h[?25l[FMined empty block range #10 to #1248[K
[?25h[?25l[FMined empty block range #10 to #1249[K
[?25h[?25l[FMined empty block range #10 to #1250[K
[?25h[?25l[FMined empty block range #10 to #1251[K
[?25h[?25l[FMined empty block range #10 to #1252[K
[?25h[?25l[FMined empty block range #10 to #1253[K
[?25h[?25l[FMined empty block range #10 to #1254[K
[?25h[?25l[FMined empty block range #10 to #1255[K
[?25h[?25l[FMined empty block range #10 to #1256[K
[?25h[?25l[FMined empty block range #10 to #1257[K
[?25h[?25l[FMined empty block range #10 to #1258[K
[?25h[?25l[FMined empty block range #10 to #1259[K
[?25h[?25l[FMined empty block range #10 to #1260[K
[?25h[?25l[FMined empty block range #10 to #1261[K
[?25h[?25l[FMined empty block range #10 to #1262[K
[?25h[?25l[FMined empty block range #10 to #1263[K
[?25h[?25l[FMined empty block range #10 to #1264[K
[?25h[?25l[FMined empty block range #10 to #1265[K
[?25h[?25l[FMined empty block range #10 to #1266[K
[?25h[?25l[FMined empty block range #10 to #1267[K
[?25h[?25l[FMined empty block range #10 to #1268[K
[?25h[?25l[FMined empty block range #10 to #1269[K
[?25h[?25l[FMined empty block range #10 to #1270[K
[?25h[?25l[FMined empty block range #10 to #1271[K
[?25h[?25l[FMined empty block range #10 to #1272[K
[?25h[?25l[FMined empty block range #10 to #1273[K
[?25h[?25l[FMined empty block range #10 to #1274[K
[?25h[?25l[FMined empty block range #10 to #1275[K
[?25h[?25l[FMined empty block range #10 to #1276[K
[?25h[?25l[FMined empty block range #10 to #1277[K
[?25h[?25l[FMined empty block range #10 to #1278[K
[?25h[?25l[FMined empty block range #10 to #1279[K
[?25h[?25l[FMined empty block range #10 to #1280[K
[?25h[?25l[FMined empty block range #10 to #1281[K
[?25h[?25l[FMined empty block range #10 to #1282[K
[?25h[?25l[FMined empty block range #10 to #1283[K
[?25h[?25l[FMined empty block range #10 to #1284[K
[?25h[?25l[FMined empty block range #10 to #1285[K
[?25h[?25l[FMined empty block range #10 to #1286[K
[?25h[?25l[FMined empty block range #10 to #1287[K
[?25h[?25l[FMined empty block range #10 to #1288[K
[?25h[?25l[FMined empty block range #10 to #1289[K
[?25h[?25l[FMined empty block range #10 to #1290[K
[?25h[?25l[FMined empty block range #10 to #1291[K
[?25h[?25l[FMined empty block range #10 to #1292[K
[?25h[?25l[FMined empty block range #10 to #1293[K
[?25h[?25l[FMined empty block range #10 to #1294[K
[?25h[?25l[FMined empty block range #10 to #1295[K
[?25h[?25l[FMined empty block range #10 to #1296[K
[?25h[?25l[FMined empty block range #10 to #1297[K
[?25h[?25l[FMined empty block range #10 to #1298[K
[?25h[?25l[FMined empty block range #10 to #1299[K
[?25h[?25l[FMined empty block range #10 to #1300[K
[?25h[?25l[FMined empty block range #10 to #1301[K
[?25h[?25l[FMined empty block range #10 to #1302[K
[?25h[?25l[FMined empty block range #10 to #1303[K
[?25h[?25l[FMined empty block range #10 to #1304[K
[?25h[?25l[FMined empty block range #10 to #1305[K
[?25h[?25l[FMined empty block range #10 to #1306[K
[?25h[?25l[FMined empty block range #10 to #1307[K
[?25h[?25l[FMined empty block range #10 to #1308[K
[?25h[?25l[FMined empty block range #10 to #1309[K
[?25h[?25l[FMined empty block range #10 to #1310[K
[?25h[?25l[FMined empty block range #10 to #1311[K
[?25h[?25l[FMined empty block range #10 to #1312[K
[?25h[?25l[FMined empty block range #10 to #1313[K
[?25h[?25l[FMined empty block range #10 to #1314[K
[?25h[?25l[FMined empty block range #10 to #1315[K
[?25h[?25l[FMined empty block range #10 to #1316[K
[?25h[?25l[FMined empty block range #10 to #1317[K
[?25h[?25l[FMined empty block range #10 to #1318[K
[?25h[?25l[FMined empty block range #10 to #1319[K
[?25h[?25l[FMined empty block range #10 to #1320[K
[?25h[?25l[FMined empty block range #10 to #1321[K
[?25h[?25l[FMined empty block range #10 to #1322[K
[?25h[?25l[FMined empty block range #10 to #1323[K
[?25h[?25l[FMined empty block range #10 to #1324[K
[?25h[?25l[FMined empty block range #10 to #1325[K
[?25h[?25l[FMined empty block range #10 to #1326[K
[?25h[?25l[FMined empty block range #10 to #1327[K
[?25h[?25l[FMined empty block range #10 to #1328[K
[?25h[?25l[FMined empty block range #10 to #1329[K
[?25h[?25l[FMined empty block range #10 to #1330[K
[?25h[?25l[FMined empty block range #10 to #1331[K
[?25h[?25l[FMined empty block range #10 to #1332[K
[?25h[?25l[FMined empty block range #10 to #1333[K
[?25h[?25l[FMined empty block range #10 to #1334[K
[?25h[?25l[FMined empty block range #10 to #1335[K
[?25h[?25l[FMined empty block range #10 to #1336[K
[?25h[?25l[FMined empty block range #10 to #1337[K
[?25h[?25l[FMined empty block range #10 to #1338[K
[?25h[?25l[FMined empty block range #10 to #1339[K
[?25h[?25l[FMined empty block range #10 to #1340[K
[?25h[?25l[FMined empty block range #10 to #1341[K
[?25h[?25l[FMined empty block range #10 to #1342[K
[?25h[?25l[FMined empty block range #10 to #1343[K
[?25h[?25l[FMined empty block range #10 to #1344[K
[?25h[?25l[FMined empty block range #10 to #1345[K
[?25h[?25l[FMined empty block range #10 to #1346[K
[?25h[?25l[FMined empty block range #10 to #1347[K
[?25h[?25l[FMined empty block range #10 to #1348[K
[?25h[?25l[FMined empty block range #10 to #1349[K
[?25h[?25l[FMined empty block range #10 to #1350[K
[?25h[?25l[FMined empty block range #10 to #1351[K
[?25h[?25l[FMined empty block range #10 to #1352[K
[?25h[?25l[FMined empty block range #10 to #1353[K
[?25h[?25l[FMined empty block range #10 to #1354[K
[?25h[?25l[FMined empty block range #10 to #1355[K
[?25h[?25l[FMined empty block range #10 to #1356[K
[?25h[?25l[FMined empty block range #10 to #1357[K
[?25h[?25l[FMined empty block range #10 to #1358[K
[?25h[?25l[FMined empty block range #10 to #1359[K
[?25h[?25l[FMined empty block range #10 to #1360[K
[?25h[?25l[FMined empty block range #10 to #1361[K
[?25h[?25l[FMined empty block range #10 to #1362[K
[?25h[?25l[FMined empty block range #10 to #1363[K
[?25h[?25l[FMined empty block range #10 to #1364[K
[?25h[?25l[FMined empty block range #10 to #1365[K
[?25h[?25l[FMined empty block range #10 to #1366[K
[?25h[?25l[FMined empty block range #10 to #1367[K
[?25h[?25l[FMined empty block range #10 to #1368[K
[?25h[?25l[FMined empty block range #10 to #1369[K
[?25h[?25l[FMined empty block range #10 to #1370[K
[?25h[?25l[FMined empty block range #10 to #1371[K
[?25h[?25l[FMined empty block range #10 to #1372[K
[?25h[?25l[FMined empty block range #10 to #1373[K
[?25h[?25l[FMined empty block range #10 to #1374[K
[?25h[?25l[FMined empty block range #10 to #1375[K
[?25h[?25l[FMined empty block range #10 to #1376[K
[?25h[?25l[FMined empty block range #10 to #1377[K
[?25h[?25l[FMined empty block range #10 to #1378[K
[?25h[?25l[FMined empty block range #10 to #1379[K
[?25h[?25l[FMined empty block range #10 to #1380[K
[?25h[?25l[FMined empty block range #10 to #1381[K
[?25h[?25l[FMined empty block range #10 to #1382[K
[?25h[?25l[FMined empty block range #10 to #1383[K
[?25h[?25l[FMined empty block range #10 to #1384[K
[?25h[?25l[FMined empty block range #10 to #1385[K
[?25h[?25l[FMined empty block range #10 to #1386[K
[?25h[?25l[FMined empty block range #10 to #1387[K
[?25h[?25l[FMined empty block range #10 to #1388[K
[?25h[?25l[FMined empty block range #10 to #1389[K
[?25h[?25l[FMined empty block range #10 to #1390[K
[?25h[?25l[FMined empty block range #10 to #1391[K
[?25h[?25l[FMined empty block range #10 to #1392[K
[?25h[?25l[FMined empty block range #10 to #1393[K
[?25h[?25l[FMined empty block range #10 to #1394[K
[?25h[?25l[FMined empty block range #10 to #1395[K
[?25h[?25l[FMined empty block range #10 to #1396[K
[?25h[?25l[FMined empty block range #10 to #1397[K
[?25h[?25l[FMined empty block range #10 to #1398[K
[?25h[?25l[FMined empty block range #10 to #1399[K
[?25h[?25l[FMined empty block range #10 to #1400[K
[?25h[?25l[FMined empty block range #10 to #1401[K
[?25h[?25l[FMined empty block range #10 to #1402[K
[?25h[?25l[FMined empty block range #10 to #1403[K
[?25h[?25l[FMined empty block range #10 to #1404[K
[?25h[?25l[FMined empty block range #10 to #1405[K
[?25h[?25l[FMined empty block range #10 to #1406[K
[?25h[?25l[FMined empty block range #10 to #1407[K
[?25h[?25l[FMined empty block range #10 to #1408[K
[?25h[?25l[FMined empty block range #10 to #1409[K
[?25h[?25l[FMined empty block range #10 to #1410[K
[?25h[?25l[FMined empty block range #10 to #1411[K
[?25h[?25l[FMined empty block range #10 to #1412[K
[?25h[?25l[FMined empty block range #10 to #1413[K
[?25h[?25l[FMined empty block range #10 to #1414[K
[?25h[?25l[FMined empty block range #10 to #1415[K
[?25h[?25l[FMined empty block range #10 to #1416[K
[?25h[?25l[FMined empty block range #10 to #1417[K
[?25h[?25l[FMined empty block range #10 to #1418[K
[?25h[?25l[FMined empty block range #10 to #1419[K
[?25h[?25l[FMined empty block range #10 to #1420[K
[?25h[?25l[FMined empty block range #10 to #1421[K
[?25h[?25l[FMined empty block range #10 to #1422[K
[?25h[?25l[FMined empty block range #10 to #1423[K
[?25h[?25l[FMined empty block range #10 to #1424[K
[?25h[?25l[FMined empty block range #10 to #1425[K
[?25h[?25l[FMined empty block range #10 to #1426[K
[?25h[?25l[FMined empty block range #10 to #1427[K
[?25h[?25l[FMined empty block range #10 to #1428[K
[?25h[?25l[FMined empty block range #10 to #1429[K
[?25h[?25l[FMined empty block range #10 to #1430[K
[?25h[?25l[FMined empty block range #10 to #1431[K
[?25h[?25l[FMined empty block range #10 to #1432[K
[?25h[?25l[FMined empty block range #10 to #1433[K
[?25h[?25l[FMined empty block range #10 to #1434[K
[?25h[?25l[FMined empty block range #10 to #1435[K
[?25h[?25l[FMined empty block range #10 to #1436[K
[?25h[?25l[FMined empty block range #10 to #1437[K
[?25h[?25l[FMined empty block range #10 to #1438[K
[?25h[?25l[FMined empty block range #10 to #1439[K
[?25h[?25l[FMined empty block range #10 to #1440[K
[?25h[?25l[FMined empty block range #10 to #1441[K
[?25h[?25l[FMined empty block range #10 to #1442[K
[?25h[?25l[FMined empty block range #10 to #1443[K
[?25h[?25l[FMined empty block range #10 to #1444[K
[?25h[?25l[FMined empty block range #10 to #1445[K
[?25h[?25l[FMined empty block range #10 to #1446[K
[?25h[?25l[FMined empty block range #10 to #1447[K
[?25h[?25l[FMined empty block range #10 to #1448[K
[?25h[?25l[FMined empty block range #10 to #1449[K
[?25h[?25l[FMined empty block range #10 to #1450[K
[?25h[?25l[FMined empty block range #10 to #1451[K
[?25h[?25l[FMined empty block range #10 to #1452[K
[?25h[?25l[FMined empty block range #10 to #1453[K
[?25h[?25l[FMined empty block range #10 to #1454[K
[?25h[?25l[FMined empty block range #10 to #1455[K
[?25h[?25l[FMined empty block range #10 to #1456[K
[?25h[?25l[FMined empty block range #10 to #1457[K
[?25h[?25l[FMined empty block range #10 to #1458[K
[?25h[?25l[FMined empty block range #10 to #1459[K
[?25h[?25l[FMined empty block range #10 to #1460[K
[?25h[?25l[FMined empty block range #10 to #1461[K
[?25h[?25l[FMined empty block range #10 to #1462[K
[?25h[?25l[FMined empty block range #10 to #1463[K
[?25h[?25l[FMined empty block range #10 to #1464[K
[?25h[?25l[FMined empty block range #10 to #1465[K
[?25h[?25l[FMined empty block range #10 to #1466[K
[?25h[?25l[FMined empty block range #10 to #1467[K
[?25h[?25l[FMined empty block range #10 to #1468[K
[?25h[?25l[FMined empty block range #10 to #1469[K
[?25h